_RA,_DE,HR,SpT,52,33-52,35-52,37-52,40-52,45-52,52-58,52-63,52-72,52-80,52-86,52-99,52-110
1.33392,-5.70762,3,K1 III,4.879,1.674,1.468,1.578,1.363,0.451,0.523,0.831,1.074,1.304,1.452,1.604,1.762
2.09692,29.09043,15,B9 p (III),2.061,-0.779,-0.734,-0.478,-0.167,-0.051,-0.014,-0.034,-0.051,-0.064,-0.104,-0.151,-0.161
2.29452,59.14978,21,F2 IV,2.367,0.366,0.277,0.266,0.376,0.169,0.190,0.322,0.434,0.534,0.549,0.592,0.663
2.35267,-45.74743,25,K0 III,4.129,1.743,1.437,1.596,1.324,0.491,0.508,0.759,0.987,1.221,1.357,1.497,1.730
2.58019,46.07227,27,F2 II,5.120,0.766,0.607,0.334,0.429,0.219,0.242,0.387,0.549,0.676,0.734,0.818,0.943
2.81607,-15.46798,33,F6 V,5.018,0.207,0.114,0.305,0.541,0.257,0.259,0.428,0.611,0.763,0.789,0.827,0.930
3.30896,15.18359,39,B2 IV,2.794,-1.428,-1.322,-0.891,-0.312,-0.077,-0.069,-0.110,-0.179,-0.241,-0.316,-0.446,-0.486
3.65069,20.20670,45,M2 III,5.198,3.527,2.998,2.944,2.317,0.691,0.752,1.269,1.953,2.452,2.653,3.001,3.287
3.66007,-18.93287,48,M2 III,4.894,3.757,3.222,3.146,2.504,0.771,0.786,1.311,1.984,2.475,2.689,3.023,3.253
4.27291,38.68164,63,A2 V,4.638,0.105,0.083,0.079,0.056,0.020,0.077,0.056,0.066,0.118,0.099,0.126,0.142
4.58191,36.78523,68,A2 V,4.532,0.119,0.105,0.123,0.087,0.038,0.045,0.053,0.069,0.095,0.092,0.113,0.176
4.85698,-8.82392,74,K2 III,3.855,2.306,2.068,2.073,1.702,0.541,0.577,0.910,1.193,1.446,1.591,1.773,1.960
5.01775,-64.87479,77,G2 V,4.369,0.380,0.239,0.463,0.665,0.316,0.312,0.490,0.720,0.885,0.932,1.040,0.898
6.43779,-77.25425,98,G2 IV,2.939,0.560,0.411,0.572,0.737,0.342,0.312,0.495,0.725,0.858,0.904,0.973,1.187
6.57105,-42.30599,99,K0 III,2.686,1.842,1.515,1.680,1.407,0.525,0.567,0.852,1.155,1.410,1.529,1.739,1.962
6.55084,-43.67983,100,A7 Vn,3.983,0.302,0.175,0.253,0.177,0.122,0.112,0.130,0.201,0.250,0.230,0.266,0.339
6.98208,-33.00717,105,M4 IIIa,5.192,3.817,3.165,3.043,2.355,0.880,0.712,1.276,2.125,2.762,2.991,3.360,3.765
7.94316,54.52228,123,B8 V,4.715,-0.559,-0.514,-0.373,-0.121,-0.029,-0.014,-0.044,-0.003,-0.023,-0.082,-0.142,-0.126
7.85409,-48.80351,125,A0 V,4.760,0.049,0.023,0.053,0.031,0.020,0.012,0.006,,,,,
7.88612,-62.95822,126,B8 V,4.367,-0.331,-0.304,-0.158,-0.054,0.004,-0.010,-0.024,,,,,
7.88949,-62.96556,127,A2 V,4.611,0.075,0.024,0.156,0.159,0.056,0.109,0.172,,,,,
8.24996,62.93178,130,B1 Ia,4.220,-1.043,-0.986,-0.582,0.068,0.142,0.092,0.164,0.219,0.271,0.261,0.218,0.286
9.24285,53.89691,153,B2 V,3.685,-1.373,-1.246,-0.840,-0.269,-0.064,-0.052,-0.099,-0.149,-0.189,-0.252,-0.393,-0.432
9.22021,33.71934,154,B5 V,4.368,-0.946,-0.864,-0.592,-0.180,-0.036,-0.014,-0.046,-0.058,-0.085,-0.139,-0.216,-0.190
9.63894,29.31175,163,G8 IIIp,4.560,1.176,0.932,1.043,1.077,0.432,0.415,0.679,0.938,1.170,1.257,1.411,1.576
9.83198,30.86102,165,K3 III,3.645,2.577,2.313,2.352,1.845,0.537,0.669,1.002,1.323,1.609,1.737,1.949,2.176
10.12684,56.53733,168,K0 II-III,2.521,2.142,1.925,1.939,1.645,0.556,0.545,0.840,1.115,1.359,1.475,1.654,1.863
10.51623,50.51253,179,B2 V,4.825,-0.985,-0.910,-0.621,-0.174,-0.027,-0.016,-0.018,-0.054,-0.077,-0.104,-0.166,-0.153
10.33147,-46.08500,180,G8 III,4.822,1.524,1.274,1.436,1.248,0.504,0.479,0.719,1.007,1.201,1.283,1.424,1.657
10.89738,-17.98661,188,K1 III,2.354,1.772,1.556,1.615,1.388,0.477,0.516,0.799,1.042,1.269,1.395,1.534,1.687
10.83849,-57.46306,191,A0 V,4.376,0.010,0.011,-0.057,-0.015,0.018,0.008,0.002,,,,,
11.18133,48.28436,193,B2 V,4.586,-0.778,-0.722,-0.531,-0.102,0.009,0.036,0.042,0.030,0.035,0.017,-0.050,0.033
11.04750,-10.60955,194,K0 III,5.038,1.656,1.446,1.539,1.335,0.461,0.497,0.794,1.044,1.280,1.386,1.526,1.688
11.83469,24.26718,215,K1 II,4.437,1.800,1.572,1.669,1.473,0.507,0.583,0.912,1.212,1.464,1.571,1.760,1.953
12.27621,57.81519,219,G0 V,3.587,0.307,0.200,0.428,0.655,0.275,0.297,0.520,0.689,0.847,0.896,0.991,1.137
12.17060,7.58508,224,K5 III,4.868,3.249,2.816,2.846,2.230,0.624,0.782,1.228,1.652,2.020,2.190,2.466,2.744
12.45353,41.07891,226,B5 V,4.535,-0.947,-0.874,-0.580,-0.181,-0.034,-0.045,-0.063,-0.126,-0.150,-0.166,-0.263,-0.242
12.14757,-74.92344,236,M1 III,5.480,2.919,2.524,2.615,1.940,0.576,0.753,1.090,1.467,1.735,1.862,2.101,2.411
13.26748,61.12397,244,F8 V,4.931,0.387,0.305,0.464,0.646,0.281,0.273,0.465,0.619,0.774,0.796,0.860,0.981
13.25206,-1.14426,248,M0 III,5.181,3.430,2.935,2.933,2.327,0.674,0.805,1.263,1.756,2.132,2.300,2.593,2.834
13.75065,58.97270,253,K2 III,5.126,2.309,2.008,2.083,1.696,0.540,0.604,0.944,1.250,1.520,1.637,1.853,2.083
14.17722,60.71674,264,B0 IV:e,2.270,-1.575,-1.511,-0.905,-0.165,0.022,0.008,0.086,0.129,0.191,0.089,-0.031,0.010
14.16627,59.18106,265,G8 III-IV,4.852,1.417,1.191,1.298,1.217,0.444,0.463,0.756,1.006,1.240,1.335,1.503,1.674
14.18838,38.49934,269,A4 III,3.911,0.261,0.219,0.175,0.151,0.055,0.066,0.130,0.122,0.188,0.171,0.193,0.230
14.30167,23.41765,271,G8 III-IV,4.618,1.425,1.227,1.322,1.216,0.436,0.435,0.726,0.946,1.149,1.239,1.373,1.549
14.65150,-29.35745,280,B8 IIIp,4.302,-0.884,-0.832,-0.624,-0.195,-0.031,-0.036,-0.053,,,,,
17.18700,86.25709,285,K2 III,4.537,2.370,2.145,2.184,1.757,0.551,0.589,0.913,1.197,1.465,1.577,1.755,1.991
15.73587,7.89013,294,K0 III,4.508,1.474,1.240,1.340,1.256,0.471,0.440,0.768,1.042,1.260,1.357,1.507,1.634
16.52100,-46.71841,322,G8 III,3.527,1.335,1.088,1.218,1.132,0.462,0.453,0.656,0.877,1.082,1.181,1.333,1.509
17.14746,-10.18227,334,K3 III,3.758,2.154,1.930,1.988,1.608,0.499,0.581,0.903,1.179,1.419,1.539,1.721,1.926
17.37552,47.24179,335,B7 V,4.251,-0.556,-0.497,-0.438,-0.105,-0.006,0.013,0.016,-0.008,0.009,0.004,-0.017,0.065
17.43302,35.62056,337,M0 III,2.510,3.545,3.006,3.008,2.365,0.685,0.807,1.287,1.873,2.309,2.493,2.801,3.062
17.09617,-55.24576,338,B7 V,4.097,-0.759,-0.696,-0.431,-0.133,-0.024,0.006,-0.036,,,,,
17.77568,55.14990,343,A7 V,4.391,0.302,0.258,0.235,0.220,0.081,0.096,0.144,0.179,0.217,0.230,0.264,0.268
17.86341,21.03465,351,G8 III,4.900,1.647,1.455,1.523,1.368,0.494,0.485,0.759,1.015,1.236,1.336,1.502,1.705
17.91515,30.08964,352,K0 III-IV,4.784,1.872,1.698,1.761,1.474,0.492,0.543,0.850,1.100,1.343,1.415,1.599,1.789
18.43728,24.58371,360,K0 III,4.925,1.677,1.493,1.568,1.410,0.483,0.494,0.766,1.044,1.265,1.366,1.522,1.670
18.79634,-45.53167,370,F8 V,5.095,0.408,0.320,0.523,0.653,0.282,0.304,0.483,,,,,
19.86664,27.26406,383,A3 V,4.797,0.202,0.184,0.056,0.030,0.017,0.048,0.044,0.098,0.114,0.127,0.138,0.151
20.58508,45.52878,390,K0 III-IV,5.143,1.900,1.698,1.760,1.474,0.485,0.524,0.807,1.074,1.254,1.399,1.574,1.798
21.48343,68.13001,399,K0 III,5.005,1.761,1.592,1.675,1.422,0.473,0.527,0.815,1.055,1.287,1.394,1.546,1.746
21.00586,-8.18326,402,K0 III,3.921,1.789,1.596,1.666,1.414,0.481,0.527,0.839,1.058,1.308,1.426,1.592,1.779
21.45396,60.23528,403,A5 V,2.690,0.289,0.252,0.193,0.148,0.059,0.084,0.105,0.172,0.223,0.225,0.244,0.299
21.91409,45.40669,417,F4 IV,4.937,0.181,0.116,0.282,0.493,0.214,0.223,0.377,0.522,0.637,0.650,0.715,0.819
37.95456,89.26411,424,F8 Ib,2.120,0.941,0.748,0.617,0.710,0.283,0.318,0.487,0.632,0.808,0.867,0.920,1.025
22.09136,-43.31824,429,K5 II,3.885,3.459,2.920,2.977,2.294,0.721,0.841,1.255,1.708,2.106,2.322,2.655,2.935
22.54631,6.14382,434,K4 III,5.232,2.858,2.412,2.485,1.964,0.581,0.721,1.123,1.508,1.839,1.978,2.238,2.490
22.87088,15.34582,437,G8 III,3.849,1.507,1.323,1.370,1.264,0.456,0.442,0.730,0.956,1.164,1.266,1.406,1.565
22.81294,-49.07270,440,K0 III-IV,4.181,1.542,1.253,1.407,1.249,0.480,0.477,0.741,1.015,1.232,1.323,1.488,1.756
23.48282,59.23204,442,G8 III,4.915,1.557,1.338,1.426,1.296,0.465,0.466,0.755,1.005,1.250,1.341,1.489,1.660
24.19934,41.40546,458,F8 V,4.226,0.300,0.211,0.374,0.596,0.252,0.279,0.444,0.624,0.764,0.795,0.848,0.949
24.49815,48.62821,464,K3 III,3.927,2.491,2.250,2.285,1.820,0.534,0.651,1.000,1.324,1.598,1.707,1.895,2.112
24.42852,-57.23675,472,B3 Vp,0.471,-0.979,-0.953,-0.686,-0.223,-0.012,-0.020,-0.091,-0.122,-0.173,-0.175,-0.252,-0.228
25.14507,40.57705,477,B8 IV,4.970,-0.661,-0.612,-0.505,-0.151,-0.021,0.002,-0.009,-0.035,-0.029,-0.056,-0.103,-0.129
25.44643,42.61337,483,G2 V,5.107,0.419,0.321,0.537,0.712,0.292,0.321,0.519,0.705,0.841,0.906,0.985,1.137
25.35789,5.48761,489,K3 III,4.818,2.819,2.439,2.503,1.961,0.572,0.699,1.101,1.441,1.755,1.912,2.139,2.375
25.62401,20.26850,493,K1 V,5.462,0.954,0.868,1.122,1.016,0.337,0.457,0.719,0.934,1.145,1.239,1.343,1.482
25.91516,50.68873,496,B2 pe,4.095,-1.357,-1.303,-0.776,-0.111,0.041,0.009,0.178,0.171,0.264,0.191,0.096,0.206
26.01701,-15.93748,509,G8 Vp,3.727,0.656,0.518,0.780,0.852,0.332,0.388,0.636,0.830,1.026,1.103,1.195,1.374
26.34847,9.15774,510,G8 III,4.493,1.500,1.322,1.378,1.252,0.437,0.453,0.729,0.975,1.184,1.293,1.420,1.525
27.39626,-10.68641,531,F2 IV,4.719,0.228,0.159,0.263,0.378,0.169,0.187,0.283,0.377,0.495,0.505,0.510,0.585
27.86514,-10.33504,539,K2 III,3.986,2.018,1.793,1.847,1.534,0.509,0.530,0.831,1.107,1.340,1.467,1.647,1.861
28.59886,63.67010,542,B3 IV:p,3.350,-0.972,-0.886,-0.648,-0.207,-0.045,-0.040,-0.054,-0.109,-0.124,-0.152,-0.269,-0.261
28.27045,29.57883,544,F6 IV,3.548,0.342,0.229,0.342,0.546,0.242,0.266,0.424,0.570,0.706,0.757,0.795,0.899
28.38238,19.29619,545,B9 V/A1p,3.895,-0.239,-0.232,-0.144,-0.048,-0.038,0.021,0.017,-0.011,-0.014,-0.039,-0.047,-0.022
28.38896,3.18754,549,K0 III,4.838,1.481,1.303,1.388,1.236,0.430,0.460,0.716,0.959,1.185,1.284,1.426,1.589
28.66005,20.80803,553,A5 V,2.710,0.211,0.145,0.193,0.159,0.042,0.080,0.104,0.136,0.171,0.164,0.205,0.234
28.41142,-46.30267,555,M4 III,4.740,3.689,2.982,2.907,2.235,0.858,0.636,1.246,2.219,2.884,3.164,3.605,3.945
28.98947,-51.60890,566,G5 IV,3.907,1.084,0.855,1.087,1.023,0.430,0.453,0.663,0.944,1.120,1.221,1.356,1.453
29.48215,23.59606,569,F2 IV,4.850,0.296,0.219,0.252,0.333,0.145,0.159,0.242,0.348,0.417,0.436,0.477,0.565
28.73388,-67.64730,570,G8 III,4.918,1.427,1.126,1.297,1.185,0.495,0.488,0.745,0.960,1.196,1.276,1.440,1.682
30.48938,70.90702,575,A4 V,4.518,0.208,0.155,0.192,0.203,0.076,0.080,0.130,0.184,0.235,0.249,0.263,0.301
30.85878,72.42129,580,A1 V,3.962,0.088,0.054,0.011,0.011,-0.002,0.032,0.027,0.034,0.044,0.029,0.047,0.083
30.00129,-21.07783,585,M1 III,4.460,3.550,3.004,3.032,2.311,0.704,0.807,1.240,1.795,2.195,2.390,2.715,3.000
30.57545,54.48754,590,B8 V,4.994,-0.440,-0.429,-0.419,-0.118,-0.007,0.002,0.000,0.023,0.027,0.035,-0.034,-0.024
29.69248,-61.56986,591,F0 V,2.943,0.484,0.322,0.322,0.354,0.178,0.177,0.218,0.331,0.402,0.423,0.483,0.591
30.97480,42.32972,603,K3 II + A,2.417,1.745,1.620,1.733,1.554,0.552,0.615,0.924,,,,,
31.12266,-29.29682,612,A0 p(Si),4.677,-0.873,-0.811,-0.565,-0.207,-0.047,-0.049,-0.080,,,,,
31.79336,23.46242,617,K2 III,2.315,2.065,1.802,1.903,1.576,0.506,0.561,0.885,1.181,1.441,1.571,1.754,1.963
32.16908,58.42360,618,A1 Ia,5.806,0.535,0.356,0.207,0.585,0.362,0.349,0.594,0.812,1.031,1.165,1.339,1.473
32.12192,37.85908,620,A4 V,4.830,0.258,0.210,0.161,0.125,0.048,0.069,0.107,0.133,0.187,0.188,0.207,0.238
32.38595,34.98730,622,A5 III,3.071,0.297,0.248,0.176,0.164,0.062,0.083,0.131,0.174,0.220,0.225,0.248,0.322
33.26377,15.27986,648,M0 III,6.160,3.423,2.965,2.938,2.310,0.659,0.806,1.279,1.808,2.240,2.429,2.730,3.022
33.24998,8.84671,649,G8 II,4.581,1.360,1.099,1.171,1.144,0.437,0.417,0.687,0.907,1.118,1.204,1.339,1.513
34.32861,33.84719,664,A0 V,4.040,0.004,0.000,0.025,0.017,0.002,0.031,0.018,0.024,0.038,0.041,0.053,0.072
34.12744,-51.51217,674,B8 V,3.565,-0.609,-0.631,-0.412,-0.160,0.001,0.003,-0.062,-0.094,-0.101,-0.134,-0.190,-0.164
34.83663,-2.97764,681,M6 e,3.397,3.152,2.103,1.733,1.615,1.118,0.358,1.267,2.929,3.773,4.167,4.673,4.987
36.31679,56.60982,696,B2 Ia,6.339,-0.675,-0.658,-0.336,0.242,0.234,0.188,0.311,0.393,0.529,0.586,0.609,0.540
36.40593,50.27863,699,K4 III,5.161,3.297,2.879,2.931,2.281,0.661,0.795,1.231,1.713,2.075,2.228,2.519,2.811
37.26645,67.40248,707,A5 p,4.513,0.109,0.065,0.146,0.151,0.041,0.110,0.143,0.189,0.280,0.254,0.260,0.331
36.48752,-12.29047,708,B9 V,4.871,-0.035,-0.030,-0.127,-0.042,0.004,-0.001,0.008,-0.024,-0.018,0.007,-0.001,0.004
37.03976,8.46006,718,B9 III,4.284,-0.204,-0.185,-0.139,-0.066,-0.015,-0.006,-0.023,-0.031,-0.040,-0.059,-0.067,-0.067
38.02179,-15.24467,740,F5 IV-V,4.830,0.242,0.173,0.297,0.502,0.249,0.237,0.400,0.526,0.656,0.707,0.727,0.880
38.46127,-28.23234,749,B9.5 V + A3 V,4.874,-0.182,-0.159,-0.152,-0.051,0.008,-0.030,-0.034,,,,,
39.02039,6.88687,753,K3 V,6.138,1.369,1.176,1.479,1.210,0.298,0.605,0.908,1.180,1.410,1.512,1.666,1.869
39.87065,0.32851,779,B2 IV,4.059,-1.448,-1.338,-0.912,-0.319,-0.082,-0.085,-0.135,-0.166,-0.238,-0.298,-0.435,-0.450
40.56215,40.19394,788,F9 V,5.034,0.429,0.326,0.497,0.661,0.261,0.283,0.459,0.615,0.759,0.796,0.865,1.005
39.94996,-42.89168,789,A2 V,4.745,0.081,0.065,0.124,0.088,0.047,0.025,0.037,,,,,
40.16681,-39.85538,794,K0 III,4.354,1.620,1.320,1.475,1.310,0.496,0.498,0.776,1.078,1.306,1.401,1.621,1.819
41.04995,49.22845,799,F7 V,4.251,0.230,0.157,0.341,0.559,0.237,0.254,0.434,0.555,0.715,0.736,0.808,0.916
40.86297,27.70715,801,B3 V,4.659,-1.067,-0.954,-0.627,-0.179,-0.035,-0.038,-0.057,-0.111,-0.118,-0.185,-0.246,-0.229
40.82516,3.23582,804,A2 V,3.506,0.112,0.083,0.131,0.109,0.029,0.060,0.093,0.114,0.156,0.161,0.184,0.188
41.03062,-13.85870,811,B7 V,4.245,-0.733,-0.675,-0.498,-0.175,-0.041,-0.012,-0.034,-0.074,-0.109,-0.151,-0.180,-0.384
41.23559,10.11414,813,F0 IV,4.353,0.280,0.219,0.273,0.344,0.141,0.187,0.291,0.368,0.446,0.477,0.510,0.589
41.27578,-18.57256,818,F6 V,4.568,0.231,0.187,0.364,0.557,0.245,0.260,0.415,0.568,0.689,0.741,0.756,0.842
41.97726,29.24711,824,K1 III,4.802,1.997,1.798,1.861,1.535,0.510,0.550,0.843,1.132,1.364,1.487,1.660,1.855
42.67421,55.89550,834,K3 Ib,4.244,3.317,2.952,2.892,2.393,0.800,0.834,1.294,1.675,2.059,2.238,2.540,2.829
42.49597,27.26051,838,B8 V,3.625,-0.615,-0.562,-0.389,-0.133,-0.037,-0.014,-0.034,-0.075,-0.123,-0.115,-0.166,-0.143
42.64608,38.31864,840,F2 III,4.320,0.398,0.306,0.300,0.412,0.194,0.187,0.316,0.397,0.513,0.546,0.587,0.654
42.27258,-32.40590,841,G6 III,4.688,1.550,1.283,1.403,1.278,0.498,0.473,0.732,0.980,1.211,1.334,1.488,1.739
42.87849,35.05974,843,K5 III,4.982,3.432,2.937,2.965,2.320,0.679,0.794,1.258,1.777,2.218,2.381,2.675,2.968
43.56442,52.76248,854,G4 III + A4 V,4.143,1.030,0.904,0.946,0.900,0.358,0.378,0.629,0.810,1.060,1.133,1.251,1.406
42.61859,-75.06695,872,K3 III,5.150,2.645,2.313,2.472,1.878,0.578,0.731,1.069,1.353,1.649,1.770,1.987,2.225
44.10687,-8.89814,874,K1 III-IV,4.161,1.888,1.664,1.765,1.465,0.486,0.526,0.842,1.102,1.346,1.452,1.628,1.818
44.15593,-3.71232,875,A1 V,5.196,0.182,0.154,0.109,0.103,0.041,0.052,0.079,0.117,0.151,0.151,0.165,0.220
44.69029,39.66273,879,A2 V,4.703,0.220,0.201,0.075,0.057,0.033,0.048,0.076,0.099,0.134,0.129,0.164,0.203
44.76532,35.18313,882,K2 III,5.253,2.344,2.052,2.136,1.720,0.533,0.602,0.956,1.223,1.525,1.640,1.858,2.061
44.92875,8.90736,896,B5 III,4.690,-0.764,-0.699,-0.487,-0.171,-0.042,-0.002,-0.027,-0.036,-0.049,-0.075,-0.136,-0.118
44.56540,-40.30471,897,A3 V,2.941,0.363,0.291,0.186,0.179,0.107,0.082,0.093,0.137,0.152,0.166,0.218,0.298
45.56989,4.08974,911,M2 III,2.951,3.585,3.073,2.965,2.436,0.751,0.766,1.285,1.969,2.462,2.671,3.020,3.307
46.19913,53.50644,915,G8 III: + A3:,3.104,1.003,0.899,0.895,0.832,0.350,0.362,0.587,0.819,1.025,1.107,1.251,1.442
45.59791,-23.62447,919,A4 V,4.130,0.263,0.188,0.209,0.202,0.097,0.103,0.131,0.192,0.241,0.205,0.306,0.244
46.29414,38.84028,921,M4 IIIa,3.740,3.812,3.082,2.858,2.267,0.926,0.574,1.289,2.407,3.117,3.396,3.882,4.205
47.98445,74.39366,932,A0 V,4.869,0.064,0.058,0.066,0.049,0.024,0.037,0.034,0.049,0.064,0.048,0.064,0.164
47.04222,40.95565,936,B8 V,2.159,-0.579,-0.542,-0.358,-0.113,-0.036,0.017,0.037,0.057,0.097,0.093,0.082,0.149
47.26675,49.61328,937,G0 V,4.185,0.457,0.357,0.536,0.704,0.286,0.300,0.503,0.670,0.836,0.870,0.945,1.070
47.37405,44.85754,941,K0 III,4.053,1.557,1.401,1.487,1.285,0.424,0.493,0.778,0.993,1.227,1.323,1.481,1.667
47.82242,39.61158,947,K0 III,4.896,1.958,1.746,1.812,1.535,0.508,0.535,0.845,1.128,1.359,1.469,1.645,1.869
47.90735,19.72668,951,K2 III,4.595,1.737,1.559,1.625,1.398,0.486,0.488,0.775,1.000,1.256,1.361,1.529,1.702
48.01886,-28.98762,963,F8 IV,3.969,0.212,0.086,0.333,0.505,0.253,0.274,0.451,0.608,0.718,0.777,0.841,1.038
48.72541,21.04445,972,A0 IV,4.894,0.005,0.001,-0.043,-0.034,-0.005,0.014,0.005,0.043,0.027,0.031,0.047,0.088
48.95844,-8.81973,984,A7 m,4.875,0.233,0.184,0.206,0.269,0.101,0.144,0.214,0.266,0.333,0.354,0.372,0.496
49.99697,65.65229,985,B2 Ve,4.841,-1.196,-1.109,-0.736,-0.210,-0.036,-0.026,-0.058,-0.063,-0.096,-0.137,-0.232,-0.222
49.68261,34.22265,991,K2 II,5.201,2.860,2.545,2.577,2.087,0.708,0.723,1.085,1.467,1.777,1.940,2.215,2.503
49.84040,3.37020,996,G5 V,5.008,0.538,0.459,0.680,0.803,0.311,0.358,0.554,0.767,0.928,0.984,1.075,1.221
50.08484,29.04846,999,K4 III,4.906,3.296,2.884,2.891,2.319,0.712,0.809,1.248,1.676,2.028,2.189,2.524,2.818
50.36066,43.32965,1002,A3 V,4.991,0.102,0.099,0.123,0.085,0.033,0.035,0.043,0.086,0.122,0.112,0.138,0.131
49.87918,-21.75786,1003,M3 III,4.030,3.667,2.998,2.902,2.254,0.826,0.635,1.245,2.163,2.781,3.059,3.479,3.825
49.98188,-43.06978,1008,G5 V,4.454,0.652,0.478,0.744,0.833,0.353,0.394,0.592,0.775,0.972,1.038,1.155,1.311
51.08071,49.86118,1017,F5 Ib,1.937,0.989,0.803,0.492,0.555,0.239,0.274,0.429,0.589,0.724,0.788,0.889,1.000
51.20332,9.02887,1030,G8 III,3.832,1.347,1.113,1.178,1.133,0.440,0.438,0.707,0.892,1.130,1.195,1.353,1.528
52.01279,49.06287,1034,B3 V,5.043,-0.853,-0.785,-0.506,-0.133,0.002,-0.019,-0.042,-0.051,-0.052,-0.100,-0.148,-0.112
52.26722,59.94033,1035,B9 Ia,4.408,0.040,-0.036,-0.037,0.386,0.282,0.246,0.437,0.586,0.726,0.836,0.930,1.054
51.79229,9.73268,1038,B8 V,3.760,-0.561,-0.513,-0.324,-0.106,-0.016,0.008,-0.002,0.010,-0.006,-0.029,-0.056,-0.067
52.47810,58.87875,1040,A0 Ia,4.728,0.297,0.179,0.106,0.496,0.346,0.326,0.552,0.783,0.982,1.157,1.301,1.419
52.34188,49.50895,1044,B3 IV,4.669,-0.927,-0.853,-0.561,-0.158,-0.012,-0.026,-0.030,-0.049,-0.062,-0.103,-0.167,-0.217
52.50076,55.45181,1046,A1 V,5.134,0.088,0.053,0.081,0.051,0.004,0.036,0.040,0.080,0.078,0.048,0.031,-0.342
52.64369,47.99522,1052,K3 III,4.728,2.828,2.417,2.502,1.995,0.593,0.699,1.088,1.434,1.728,1.888,2.112,2.379
52.71824,12.93668,1066,K0 II-III,4.385,1.961,1.749,1.800,1.566,0.540,0.495,0.788,1.054,1.300,1.405,1.576,1.782
52.65441,-5.07515,1070,B8 V,4.727,-0.425,-0.378,-0.345,-0.127,-0.016,-0.020,-0.034,-0.060,-0.075,-0.091,-0.126,-0.078
53.23269,-9.45826,1084,K2 V,3.967,1.054,0.951,1.232,1.097,0.337,0.496,0.765,1.008,1.221,1.301,1.426,1.597
54.12242,48.19263,1087,B5 e,4.234,-0.879,-0.842,-0.585,-0.125,0.003,-0.009,0.066,0.036,0.080,0.056,0.002,0.070
54.21826,0.40166,1101,F8 V,4.423,0.384,0.291,0.457,0.665,0.300,0.263,0.456,0.562,0.773,0.840,0.887,1.011
54.27367,-40.27455,1106,K0 III,4.861,1.606,1.375,1.501,1.325,0.487,0.560,0.824,1.064,1.315,1.430,1.629,1.941
55.73127,47.78755,1122,B5 III,3.033,-0.842,-0.774,-0.596,-0.176,-0.042,-0.020,-0.026,-0.079,-0.093,-0.114,-0.166,-0.194
56.50971,63.34505,1129,A1 + G2 III,5.001,0.812,0.717,0.752,0.894,0.410,0.433,0.718,0.954,1.207,1.299,1.488,1.659
56.07972,32.28825,1131,B1 III,3.857,-1.052,-0.989,-0.577,-0.020,0.088,0.029,0.083,0.103,0.145,0.129,0.090,0.090
55.56209,-31.93836,1134,B5 IV,4.950,-0.953,-0.888,-0.611,-0.197,-0.015,-0.065,-0.089,,,,,
56.29847,42.57855,1135,F5 II,3.889,0.727,0.583,0.384,0.478,0.211,0.223,0.390,0.505,0.660,0.705,0.783,0.884
55.81209,-9.76339,1136,K0 IV,3.764,1.259,1.155,1.332,1.157,0.380,0.464,0.753,0.935,1.149,1.238,1.365,1.545
57.30724,70.87105,1138,A2 m,5.424,0.205,0.166,0.132,0.118,0.025,0.054,0.079,0.101,0.101,0.088,0.114,0.131
56.20090,24.28947,1140,B7 IV,5.487,-0.576,-0.524,-0.351,-0.077,-0.013,0.014,-0.003,0.013,0.009,-0.010,0.011,0.044
56.21890,24.11334,1142,B6 III,3.709,-0.665,-0.609,-0.498,-0.160,-0.020,-0.013,-0.030,-0.042,-0.071,-0.046,-0.133,-0.091
55.70856,-37.31352,1143,gK2,4.901,2.182,1.934,2.097,1.586,0.501,0.613,0.925,1.204,1.452,1.578,1.778,2.032
56.29058,24.83926,1144,B8 V,5.651,-0.605,-0.556,-0.373,-0.112,0.009,0.005,-0.008,-0.043,-0.041,-0.092,-0.098,0.016
56.30207,24.46728,1145,B6 V,4.309,-0.767,-0.713,-0.496,-0.174,-0.038,0.005,-0.011,-0.035,-0.046,-0.079,-0.104,-0.107
57.58962,71.33226,1148,A3 IV,4.645,0.232,0.199,-0.006,0.037,0.038,0.054,0.084,0.096,0.115,0.136,0.165,0.136
56.45669,24.36775,1149,B7 III,3.888,-0.622,-0.599,-0.467,-0.141,-0.006,0.025,0.032,0.034,0.014,0.018,-0.022,0.008
56.47699,24.55451,1151,B8 V,5.775,-0.402,-0.367,-0.249,-0.070,-0.001,0.015,0.020,-0.026,-0.011,-0.006,-0.012,0.065
57.38033,65.52597,1155,M2 IIa,4.909,4.139,3.557,3.368,2.728,0.979,0.831,1.375,2.345,2.963,3.215,3.648,3.970
56.58156,23.94836,1156,B6 IVnn,4.184,-0.661,-0.615,-0.473,-0.080,0.000,0.012,0.053,0.033,0.064,0.045,-0.024,0.035
56.53557,-12.10159,1162,gM2,4.868,3.648,3.091,3.102,2.430,0.714,0.787,1.289,1.883,2.347,2.558,2.869,3.160
56.87115,24.10514,1165,B7 III,2.875,-0.562,-0.521,-0.499,-0.151,-0.011,-0.012,0.006,-0.007,-0.054,-0.019,-0.056,-0.058
57.08673,23.42125,1172,B8 V,5.445,-0.532,-0.494,-0.387,-0.118,-0.009,-0.003,-0.016,-0.044,-0.044,-0.063,-0.087,-0.004
56.04990,-64.80691,1175,K0 IV,4.152,2.026,1.719,1.868,1.515,0.531,0.593,0.880,1.161,1.415,1.564,1.733,2.020
57.29059,24.05342,1178,B8 III,3.638,-0.569,-0.536,-0.465,-0.134,-0.014,0.000,-0.002,-0.002,-0.007,-0.020,-0.078,-0.067
57.29673,24.13671,1180,B8 nn,5.007,-0.696,-0.648,-0.462,-0.123,-0.004,-0.007,0.015,-0.020,-0.013,-0.032,-0.086,-0.042
57.43138,23.71185,1183,B9 V,6.214,-0.367,-0.316,-0.249,-0.117,-0.054,-0.004,0.005,-0.042,-0.064,-0.059,-0.081,0.133
57.36352,-36.20025,1195,G5 III,4.390,1.380,1.121,1.319,1.143,0.446,0.460,0.710,0.898,1.124,1.241,1.358,1.634
58.53301,31.88363,1203,B1 Ib,2.927,-1.003,-0.964,-0.569,0.045,0.127,0.083,0.162,0.220,0.280,0.279,0.224,0.281
59.35602,63.07226,1204,B9 V,4.947,-0.304,-0.284,-0.257,-0.109,-0.011,-0.013,-0.018,-0.037,-0.037,-0.048,-0.074,-0.046
56.80975,-74.23896,1208,M0 III,3.709,3.510,2.931,2.980,2.306,0.737,0.819,1.308,1.899,2.377,2.591,2.944,3.286
58.57247,-2.95286,1211,A1 V/G5 III,4.649,0.922,0.796,0.865,0.811,0.337,0.346,0.585,0.753,0.956,1.028,1.149,1.307
59.46347,40.01022,1220,B0.5 V,2.877,-1.544,-1.441,-0.938,-0.266,-0.043,-0.048,-0.080,-0.124,-0.163,-0.217,-0.351,-0.372
59.74126,35.79103,1228,O7.5III(n)((f)),4.075,-1.321,-1.257,-0.755,-0.075,0.052,0.079,0.124,0.154,0.189,0.174,0.093,0.139
59.50736,-13.50852,1231,M1 III,3.383,3.466,2.947,2.971,2.338,0.668,0.821,1.262,1.836,2.263,2.449,2.741,3.021
60.17007,12.49034,1239,B3 V,3.428,-1.006,-0.914,-0.617,-0.187,-0.051,-0.026,-0.023,-0.075,-0.068,-0.104,-0.161,-0.161
59.68646,-61.40019,1247,M2 III,5.020,3.641,2.998,2.962,2.346,0.738,0.834,1.301,1.866,2.351,2.535,2.859,3.246
60.78908,5.98930,1251,A1 V,3.877,0.048,0.044,0.041,0.024,0.005,0.020,0.029,0.032,0.043,0.029,0.058,0.107
61.17381,22.08192,1256,K0 III,4.643,2.074,1.791,1.604,1.463,0.475,0.548,0.825,1.099,1.335,1.435,1.610,1.826
61.64601,50.35126,1261,B9 V,4.322,-0.009,-0.013,-0.208,-0.075,-0.010,0.021,0.006,0.018,0.019,0.076,0.084,0.138
60.22420,-62.15928,1264,M4 III,4.877,3.691,3.109,2.911,2.299,0.890,0.706,1.314,2.252,2.913,3.179,3.595,4.007
60.32563,-61.07882,1266,K4 III,5.380,2.942,2.476,2.654,2.026,0.603,0.766,1.139,1.486,1.779,1.946,2.171,2.454
62.16538,47.71251,1273,B3 Vp,4.084,-0.844,-0.799,-0.520,-0.079,0.036,0.020,0.088,0.051,0.102,0.105,0.037,0.092
62.96641,-6.83758,1298,F2 II-III,4.150,0.392,0.315,0.307,0.388,0.171,0.181,0.300,0.369,0.467,0.498,0.532,0.657
62.71079,-41.99357,1302,A9 V,5.013,0.374,0.290,0.220,0.388,0.180,0.188,0.303,,,,,
63.72443,48.40933,1303,G0 Ib,4.397,1.479,1.237,1.226,1.201,0.493,0.466,0.762,1.010,1.244,1.347,1.512,1.699
63.72217,40.48367,1306,G5 Ib + A2,4.923,1.414,1.286,1.325,1.230,0.489,0.488,0.780,1.074,1.301,1.404,1.586,1.758
63.48494,9.26383,1311,gG5,5.025,1.141,0.979,1.017,1.016,0.398,0.386,0.644,0.862,1.064,1.150,1.283,1.461
63.59870,-10.25628,1318,K2 III + G2 V,5.167,2.169,1.935,1.997,1.621,0.511,0.570,0.914,1.190,1.429,1.543,1.726,1.943
63.94285,15.40070,1319,F6 III,6.405,0.214,0.130,0.279,0.451,0.181,0.226,0.362,0.488,0.573,0.620,0.664,0.764
63.88357,8.89236,1320,B3 V,4.325,-0.882,-0.799,-0.532,-0.105,-0.002,0.008,0.011,0.019,0.015,-0.015,-0.059,-0.047
64.56090,50.29550,1324,A2 V,4.623,0.116,0.112,0.042,0.048,0.037,0.039,0.060,0.111,0.122,0.120,0.143,0.168
63.81800,-7.65287,1325,K1 V,4.645,0.908,0.756,1.036,0.986,0.339,0.454,0.701,0.918,1.140,1.208,1.336,1.474
63.50048,-42.29437,1326,K1 III,4.146,1.915,1.597,1.789,1.408,0.501,0.566,0.864,1.083,1.289,1.414,1.570,1.809
64.31526,20.57859,1329,A3 m,4.987,0.220,0.168,0.245,0.317,0.122,0.149,0.220,0.291,0.365,0.372,0.364,0.467
63.60618,-62.47386,1336,G6 II,3.564,1.394,1.120,1.287,1.148,0.454,0.447,0.680,0.859,1.081,1.197,1.326,1.536
64.94835,15.62764,1346,K0 III,3.868,1.531,1.371,1.445,1.292,0.453,0.460,0.743,0.981,1.200,1.290,1.436,1.601
64.47359,-33.79835,1347,B9 V,3.565,-0.692,-0.682,-0.428,-0.204,-0.039,0.018,-0.005,-0.027,-0.053,-0.031,-0.097,-0.140
65.38819,46.49888,1350,B6 III,4.875,-0.819,-0.746,-0.476,-0.087,0.023,0.026,0.053,0.018,0.034,0.000,-0.041,-0.009
64.99043,14.03520,1351,F0 IV,5.656,0.302,0.211,0.254,0.339,0.129,0.155,0.258,0.359,0.430,0.433,0.466,0.542
65.15129,15.09545,1356,A9 V,5.338,0.254,0.193,0.230,0.269,0.100,0.139,0.215,0.283,0.334,0.345,0.367,0.413
65.73372,17.54251,1373,K0 III,3.997,1.584,1.422,1.488,1.308,0.456,0.472,0.749,0.980,1.190,1.278,1.421,1.580
65.85442,16.77726,1376,A1 m,5.724,0.317,0.244,0.312,0.378,0.127,0.173,0.257,0.329,0.399,0.418,0.442,0.425
66.02400,17.44413,1380,A7 V,4.861,0.265,0.220,0.221,0.205,0.077,0.109,0.156,0.227,0.269,0.264,0.311,0.341
66.23803,19.04201,1385,F4 Vn,6.089,0.250,0.178,0.290,0.427,0.188,0.206,0.337,0.463,0.559,0.579,0.670,0.703
66.34235,22.29387,1387,A7 V,4.288,0.281,0.229,0.202,0.172,0.054,0.105,0.152,0.183,0.233,0.236,0.261,0.302
66.37243,17.92790,1389,A3 III,4.320,0.101,0.074,0.085,0.069,0.014,0.048,0.061,0.070,0.093,0.078,0.103,0.116
66.57693,22.81358,1392,F0 III-IV,4.384,0.408,0.307,0.237,0.292,0.126,0.179,0.276,0.368,0.434,0.465,0.509,0.599
66.00924,-34.01685,1393,M1 III,4.379,3.191,2.720,2.242,2.199,0.644,0.765,1.161,1.559,1.917,2.064,2.351,2.625
66.58642,15.61827,1394,F0 V,4.565,0.356,0.265,0.239,0.274,0.119,0.162,0.251,0.316,0.403,0.428,0.472,0.522
66.65155,14.71378,1396,G8 III,4.918,1.571,1.310,1.365,1.278,0.473,0.465,0.738,1.006,1.229,1.337,1.494,1.652
67.09751,14.74098,1408,F0 IV,5.966,0.254,0.183,0.275,0.384,0.154,0.168,0.286,0.403,0.493,0.483,0.552,0.657
67.15416,19.18043,1409,K0 III,3.781,1.698,1.520,1.576,1.384,0.467,0.484,0.754,0.994,1.210,1.329,1.461,1.647
67.14373,15.96218,1411,K0 III,4.088,1.482,1.328,1.402,1.266,0.441,0.463,0.722,0.965,1.173,1.268,1.413,1.584
67.16559,15.87088,1412,A7 III,3.474,0.307,0.244,0.198,0.205,0.052,0.094,0.179,0.229,0.271,0.269,0.317,0.350
67.64014,16.19401,1427,A7 V,4.840,0.275,0.216,0.218,0.193,0.069,0.109,0.146,0.191,0.244,0.244,0.284,0.276
67.96945,-0.04401,1437,K3 II-III,5.224,2.649,2.328,2.359,1.896,0.605,0.626,0.986,1.312,1.583,1.743,1.963,2.202
68.46216,14.84442,1444,F0 V,4.765,0.265,0.200,0.230,0.271,0.096,0.113,0.190,0.253,0.312,0.333,0.347,0.404
68.37730,-29.76649,1453,gG6,4.755,1.506,1.286,1.451,1.260,0.444,0.490,0.774,,,,,
69.17263,41.26481,1454,K4 III + A3 V,4.525,1.777,1.627,1.648,1.557,0.637,0.593,0.947,1.252,1.527,1.676,1.916,2.138
68.98016,16.50930,1457,K5 III,1.333,3.376,2.905,2.926,2.287,0.640,0.806,1.258,1.797,2.208,2.387,2.689,2.953
68.91358,10.16079,1458,A5 m,4.305,0.231,0.168,0.197,0.204,0.081,0.097,0.158,0.228,0.274,0.286,0.319,0.400
69.07976,-3.35246,1463,B2 III,3.902,-1.431,-1.309,-0.863,-0.274,-0.057,-0.068,-0.112,-0.174,-0.215,-0.273,-0.417,-0.392
68.88766,-30.56234,1464,K0 III,4.045,1.486,1.212,1.393,1.198,0.463,0.467,0.759,0.934,1.117,1.239,1.385,1.636
68.49907,-55.04498,1465,A0 (Si),3.266,-0.575,-0.591,-0.365,-0.188,-0.017,-0.006,-0.045,-0.035,-0.086,-0.064,-0.137,-0.057
69.53943,12.51084,1473,A5 V,4.329,0.257,0.204,0.190,0.159,0.048,0.082,0.109,0.147,0.182,0.190,0.219,0.258
69.81876,15.91797,1479,A5 V,4.721,0.274,0.225,0.218,0.190,0.062,0.087,0.111,0.194,0.253,0.256,0.293,0.322
69.54510,-14.30402,1481,K2 III,4.124,1.810,1.638,1.743,1.461,0.483,0.539,0.855,1.110,1.363,1.484,1.657,1.847
69.18996,-62.07717,1492,M8 e,5.039,4.063,2.110,1.328,0.757,1.465,0.925,2.415,4.066,5.442,6.046,7.636,8.428
70.11047,-19.67149,1496,gM4,4.719,3.581,3.028,2.912,2.319,0.795,0.670,1.260,2.118,2.709,2.971,3.342,3.629
70.56126,22.95692,1497,B3 V,4.261,-0.982,-0.899,-0.548,-0.155,-0.028,-0.052,-0.072,-0.121,-0.138,-0.163,-0.235,-0.251
71.37563,-3.25466,1520,B5 IV,3.997,-0.998,-0.919,-0.648,-0.199,-0.048,-0.049,-0.070,-0.103,-0.126,-0.140,-0.236,-0.222
73.51254,66.34268,1542,O9.5 Ia,4.343,-1.300,-1.218,-0.739,-0.063,0.073,0.072,0.119,0.158,0.211,0.199,0.117,0.151
72.46005,6.96127,1543,F6 V,3.303,0.186,0.116,0.298,0.516,0.228,0.237,0.392,0.525,0.650,0.701,0.739,0.837
72.65301,8.90018,1544,A0 V,4.375,0.065,0.046,-0.038,0.004,0.015,0.028,0.034,0.048,0.073,0.074,0.087,0.142
72.84359,18.83986,1547,A7 IV-V,5.153,0.294,0.227,0.242,0.261,0.103,0.121,0.181,0.239,0.304,0.318,0.356,0.509
72.80152,5.60510,1552,B2 III,3.667,-1.332,-1.223,-0.831,-0.253,-0.061,-0.043,-0.070,-0.120,-0.163,-0.204,-0.336,-0.384
73.22362,-5.45269,1560,A9 IV,4.424,0.433,0.330,0.231,0.281,0.114,0.147,0.228,0.329,0.358,0.411,0.441,0.561
73.56290,2.44067,1567,B2 III,3.704,-1.332,-1.220,-0.834,-0.251,-0.051,-0.070,-0.090,-0.142,-0.173,-0.228,-0.371,-0.356
74.32165,53.75210,1568,A1 V,4.498,0.039,0.030,-0.080,-0.028,0.020,0.001,0.015,0.012,0.023,0.024,0.034,0.045
73.72387,10.15083,1570,A0 V,4.695,0.118,0.108,0.147,0.115,0.037,0.018,0.040,0.070,0.088,0.101,0.120,0.157
74.24842,33.16610,1577,K3 II,3.097,3.146,2.782,2.793,2.248,0.688,0.730,1.137,1.516,1.842,1.994,2.287,2.528
74.09282,13.51447,1580,K2 III,4.405,2.101,1.835,1.924,1.599,0.529,0.559,0.889,1.201,1.457,1.582,1.787,2.008
74.81421,37.89024,1592,A0 V,4.957,-0.034,-0.027,0.058,0.039,0.013,0.018,0.022,0.056,0.061,0.028,0.079,0.115
74.63709,1.71402,1601,K2 II,4.821,2.779,2.498,2.473,2.018,0.658,0.664,1.038,1.362,1.657,1.810,2.048,2.301
75.85454,60.44225,1603,G0 Ib,4.248,1.417,1.144,1.128,1.144,0.468,0.417,0.683,0.925,1.106,1.175,1.318,1.466
75.49222,43.82331,1605,F0 Iap,3.137,1.174,0.870,0.351,0.524,0.330,0.293,0.495,0.668,0.817,1.014,1.118,1.215
74.98224,-12.53742,1611,F0 IV,4.856,0.465,0.371,0.250,0.298,0.136,0.147,0.240,0.370,0.433,0.467,0.476,0.532
75.61953,41.07584,1612,K5 II + B,4.133,1.104,1.087,1.278,1.408,0.590,0.713,1.133,1.617,1.967,2.106,2.383,2.646
75.35977,-7.17396,1617,B2 V,4.794,-1.218,-1.114,-0.729,-0.235,-0.047,-0.063,-0.107,-0.126,-0.188,-0.256,-0.382,-0.531
75.35659,-20.05192,1621,B9.5 Vn,4.897,-0.256,-0.232,-0.172,-0.069,-0.002,-0.008,-0.024,-0.028,-0.021,-0.051,-0.071,-0.114
76.66929,51.59772,1637,F0 V,5.047,0.173,0.116,0.227,0.372,0.173,0.162,0.292,0.392,0.474,0.507,0.545,0.629
76.14229,15.40410,1638,B9 p,4.677,-0.178,-0.195,-0.262,-0.102,-0.041,0.039,0.024,0.032,0.024,0.017,0.017,0.065
76.62872,41.23448,1641,B3 V,3.148,-1.141,-1.036,-0.686,-0.244,-0.068,-0.041,-0.093,-0.135,-0.167,-0.221,-0.322,-0.344
76.10168,-35.48298,1652,gK3,4.886,2.073,1.768,2.022,1.541,0.518,0.645,0.986,1.213,1.484,1.614,1.822,2.086
76.36527,-22.37103,1654,K5 III,3.603,3.076,2.644,2.775,2.095,0.601,0.757,1.167,1.507,1.814,1.974,2.259,2.533
76.69022,-4.65516,1657,B9.5 V,5.096,-0.346,-0.314,-0.207,-0.098,-0.034,0.004,-0.017,-0.005,-0.037,-0.074,-0.096,-0.014
76.96244,-5.08645,1666,A3 III,2.841,0.288,0.210,0.188,0.162,0.068,0.052,0.122,,,,,
77.42482,15.59723,1676,F2 IV,4.886,0.477,0.385,0.308,0.349,0.152,0.200,0.289,0.430,0.521,0.545,0.596,0.702
77.28660,-8.75408,1679,B2 IV,4.242,-1.444,-1.337,-0.897,-0.261,-0.055,-0.053,-0.083,-0.149,-0.208,-0.254,-0.384,-0.379
78.35716,38.48450,1689,A4 m,4.876,0.212,0.182,0.227,0.247,0.093,0.097,0.159,0.233,0.270,0.285,0.306,0.387
78.07459,-11.86922,1696,B8 V,4.422,-0.693,-0.641,-0.419,-0.130,-0.027,-0.034,-0.055,-0.033,-0.055,-0.086,-0.156,-0.180
78.32283,2.86126,1698,K3 III,4.741,2.135,1.937,1.979,1.669,0.518,0.564,0.875,1.176,1.439,1.559,1.753,1.962
78.23292,-16.20547,1702,B9 IIIp,3.267,-0.657,-0.609,-0.449,-0.165,-0.039,-0.035,-0.048,-0.077,-0.059,-0.097,-0.170,-0.170
78.30782,-12.94129,1705,B8 V,4.345,-0.595,-0.536,-0.449,-0.147,-0.021,-0.032,-0.035,-0.058,-0.074,-0.073,-0.143,-0.173
79.17233,45.99799,1708,G8 III + F,0.243,1.041,0.882,0.955,1.005,0.380,0.391,0.627,0.859,1.036,1.080,1.232,1.420
78.63447,-8.20164,1713,B8 Ia,0.172,-0.945,-0.903,-0.691,-0.110,0.046,0.021,0.047,0.080,0.073,0.100,0.004,0.000
79.78531,40.09905,1729,G0 V,4.860,0.477,0.386,0.570,0.729,0.291,0.323,0.523,0.728,0.871,0.907,0.985,1.117
79.40162,-6.84441,1735,B5 III,3.570,-0.793,-0.715,-0.532,-0.172,-0.043,-0.047,-0.059,-0.080,-0.095,-0.123,-0.187,-0.180
79.89385,-13.17679,1756,B0.5 IV,4.248,-1.667,-1.550,-1.015,-0.331,-0.071,-0.098,-0.153,-0.230,-0.296,-0.366,-0.529,-0.537
80.44061,-0.38246,1765,B2 IV,4.687,-1.289,-1.181,-0.785,-0.230,-0.042,-0.079,-0.116,-0.186,-0.194,-0.251,-0.354,-0.399
80.70834,3.54445,1770,B1 V,4.972,-1.397,-1.295,-0.827,-0.231,-0.036,-0.046,-0.072,-0.145,-0.166,-0.191,-0.307,-0.348
80.92629,-0.15982,1781,B5 V,5.655,-1.467,-1.350,-0.869,-0.274,-0.068,-0.087,-0.131,-0.153,-0.234,-0.255,-0.446,-0.466
80.98678,-7.80806,1784,G8 III,4.355,1.411,1.209,1.330,1.229,0.449,0.447,0.724,0.995,1.209,1.312,1.458,1.632
81.11924,-2.39715,1788,B0.5 V,3.324,-1.510,-1.406,-0.933,-0.274,-0.048,-0.044,-0.071,-0.108,-0.142,-0.183,-0.328,-0.376
81.18678,1.84645,1789,B1 V:pe,4.934,-1.478,-1.361,-0.915,-0.293,-0.063,-0.062,-0.110,-0.156,-0.179,-0.240,-0.389,-0.418
81.28276,6.34970,1790,B2 III,1.591,-1.437,-1.334,-0.920,-0.307,-0.078,-0.090,-0.137,-0.206,-0.266,-0.315,-0.455,-0.465
81.57297,28.60745,1791,B7 III,1.651,-0.802,-0.746,-0.559,-0.178,-0.041,-0.047,-0.050,-0.114,-0.124,-0.152,-0.216,-0.221
81.90868,21.93696,1810,B3 V,4.839,-1.269,-1.178,-0.755,-0.223,-0.026,-0.064,-0.099,-0.143,-0.164,-0.207,-0.303,-0.360
81.70929,3.09567,1811,B2 IV,4.543,-1.520,-1.388,-0.908,-0.282,-0.063,-0.077,-0.119,-0.191,-0.243,-0.295,-0.442,-0.506
82.06135,-20.75944,1829,G5 III,3.003,1.110,0.853,0.982,1.000,0.393,0.373,0.623,0.834,1.023,1.104,1.228,1.433
82.69605,5.94814,1839,B5 IV,4.189,-0.976,-0.884,-0.567,-0.191,-0.057,-0.047,-0.077,-0.133,-0.172,-0.205,-0.274,-0.268
83.18197,32.19202,1843,B5 Iab,4.789,-0.480,-0.485,-0.260,0.281,0.238,0.121,0.262,0.394,0.516,0.578,0.648,0.698
83.05314,18.59423,1845,M2 Ib,4.889,4.492,3.888,3.600,2.944,1.114,0.936,1.606,2.424,3.030,3.325,3.814,4.180
83.00167,-0.29909,1852,O9.5 II,2.181,-1.674,-1.557,-1.014,-0.299,-0.058,-0.094,-0.125,-0.206,-0.256,-0.311,-0.480,-0.471
82.98275,-7.30154,1855,B0 V,4.571,-1.727,-1.588,-1.046,-0.341,-0.076,-0.090,-0.152,-0.228,-0.300,-0.361,-0.546,-0.568
83.17231,-1.59183,1861,B1 V,5.300,-1.493,-1.383,-0.894,-0.276,-0.061,-0.074,-0.078,-0.081,-0.260,-0.280,-0.358,-0.266
82.80315,-35.47052,1862,gK1,4.143,2.128,1.740,1.921,1.519,0.543,0.547,0.835,1.065,1.318,1.432,1.618,1.850
83.18257,-17.82229,1865,F0 Ib,2.646,0.875,0.687,0.151,0.207,0.097,0.139,0.237,0.306,0.367,0.459,0.496,0.576
83.38103,-1.15607,1868,B1 V,5.327,-1.452,-1.347,-0.861,-0.263,-0.066,-0.060,-0.064,-0.108,-0.130,-0.225,-0.381,-0.382
83.70516,9.48958,1876,B0 IV,4.380,-1.503,-1.385,-0.882,-0.221,-0.013,-0.037,-0.060,-0.116,-0.142,-0.173,-0.304,-0.339
83.78449,9.93416,1879,O8 III((f)),3.381,-1.611,-1.503,-0.972,-0.283,-0.055,-0.028,-0.043,-0.085,-0.119,-0.172,-0.305,-0.294
83.76117,-6.00203,1887,B0 V,4.719,-1.658,-1.544,-1.013,-0.332,-0.074,-0.095,-0.166,-0.200,-0.259,-0.318,-0.483,-0.527
83.84652,-4.83836,1892,B2 III,4.556,-1.512,-1.397,-0.890,-0.270,-0.054,-0.066,-0.097,-0.151,-0.198,-0.248,-0.368,-0.358
83.81596,-5.38725,1893,B0.5 V(TRAP),4.627,-1.278,-1.158,-0.706,-0.047,0.096,0.054,0.246,0.269,0.337,0.356,0.593,0.741
83.84542,-5.41606,1897,O9.5 Vp,5.076,-1.455,-1.335,-0.828,-0.178,-0.002,0.037,0.065,0.083,0.098,0.085,0.022,-0.080
83.85826,-5.90990,1899,O9 III,2.758,-1.716,-1.584,-1.039,-0.334,-0.077,-0.080,-0.103,-0.207,-0.262,-0.324,-0.503,-0.477
83.91452,-4.85607,1901,gF0,5.334,0.423,0.337,0.242,0.293,0.130,0.147,0.252,0.333,0.406,0.429,0.460,0.592
84.05339,-1.20192,1903,B0 Ia,1.694,-1.594,-1.485,-0.972,-0.257,-0.028,-0.046,-0.069,-0.113,-0.155,-0.214,-0.342,-0.343
84.22662,9.29067,1907,G8 III,4.329,1.351,1.114,1.276,1.196,0.451,0.470,0.770,1.018,1.254,1.351,1.488,1.726
84.26826,11.03501,1908,K5 III,6.349,3.506,2.894,2.921,2.299,0.703,0.792,1.262,1.802,2.241,2.418,2.706,2.961
84.41119,21.14254,1910,B2 IVp,2.955,-1.214,-1.131,-0.849,-0.267,-0.039,-0.058,-0.006,-0.169,-0.203,-0.149,-0.252,-0.168
83.40632,-62.48982,1922,F8 Ia  Cep.,3.940,1.380,1.140,1.090,1.140,0.420,0.410,0.640,,,,,
84.68658,-2.60003,1931,O9.5 V,3.722,-1.628,-1.497,-0.973,-0.293,-0.055,-0.069,-0.113,-0.128,-0.196,-0.239,-0.399,-0.418
84.79644,4.12147,1934,B3 IIIe,4.568,-1.189,-1.101,-0.737,-0.171,0.007,-0.019,0.004,-0.011,0.024,-0.046,-0.116,-0.085
84.72118,-7.21283,1937,A4 IV,4.819,0.226,0.184,0.185,0.169,0.070,0.071,0.111,0.136,0.198,0.174,0.238,0.309
85.32382,16.53415,1946,B3 IV,4.839,-1.061,-0.984,-0.647,-0.191,-0.027,-0.029,-0.051,-0.083,-0.103,-0.141,-0.218,-0.259
85.18970,-1.94257,1948,O9.7 Ib,1.744,-1.662,-1.548,-1.011,-0.294,-0.050,-0.051,-0.080,-0.127,-0.169,-0.263,-0.366,-0.401
84.91225,-34.07411,1956,B8 Ve,2.635,-0.695,-0.686,-0.510,-0.209,-0.010,-0.007,-0.025,-0.056,-0.074,-0.061,-0.135,-0.099
85.61930,1.47463,1963,K0 III,5.211,2.046,1.740,1.860,1.563,0.521,0.583,0.901,1.219,1.490,1.610,1.829,2.029
86.11580,-22.44838,1983,F6 V,3.712,0.265,0.144,0.362,0.534,0.244,0.259,0.412,0.567,0.689,0.740,0.813,0.909
87.29349,39.18107,1995,G8 III,4.760,1.450,1.236,1.354,1.240,0.456,0.447,0.718,0.968,1.165,1.263,1.416,1.584
86.73892,-14.82195,1998,A3 V,3.602,0.138,0.106,0.142,0.117,0.027,0.018,0.037,,,,,
86.93912,-9.66960,2004,B0.5 Ia,2.049,-1.483,-1.365,-0.889,-0.221,-0.020,-0.051,-0.056,-0.091,-0.128,-0.175,-0.318,-0.281
87.38721,12.65132,2010,B9 IV,4.884,-0.286,-0.254,-0.179,-0.082,-0.018,-0.021,-0.043,-0.044,-0.066,-0.079,-0.085,-0.081
87.76016,37.30557,2011,gM1,5.209,3.621,3.071,3.046,2.413,0.723,0.790,1.290,1.907,2.371,2.553,2.889,3.221
87.87250,39.14848,2012,K0 III,4.262,1.994,1.787,1.860,1.548,0.513,0.519,0.847,1.102,1.344,1.459,1.636,1.874
87.85728,32.12469,2018,M3 III,6.704,3.977,3.392,3.218,2.552,0.864,0.757,1.387,2.310,2.946,3.206,3.645,4.007
86.82120,-51.06651,2020,A3 III,3.905,0.183,0.130,0.233,0.200,0.089,0.119,0.138,0.225,0.259,0.291,0.344,0.479
88.71159,55.70695,2029,A2 V,5.005,0.142,0.130,0.090,0.061,0.033,0.029,0.030,0.053,0.058,0.047,0.073,0.129
88.33186,27.61226,2034,B9.5 V,4.599,0.028,0.027,-0.063,-0.034,0.002,0.016,0.021,-0.004,-0.009,-0.002,0.022,0.031
87.83040,-20.87909,2035,G8+III,4.003,1.485,1.216,1.343,1.251,0.458,0.467,0.762,1.030,1.284,1.402,1.542,1.725
87.73997,-35.76831,2040,K2 III,3.406,2.088,1.805,1.967,1.531,0.497,0.567,0.870,1.097,1.351,1.439,1.653,1.798
88.59576,20.27617,2047,G0 V,4.538,0.363,0.278,0.504,0.699,0.291,0.306,0.502,0.664,0.832,0.876,0.951,1.085
88.27867,-33.80136,2056,B5 V,4.862,-0.932,-0.852,-0.528,-0.182,-0.017,-0.045,-0.087,,,,,
88.79294,7.40706,2061,M1-M2 Iab,0.801,4.144,3.502,3.229,2.718,1.020,0.802,1.405,2.208,2.757,3.014,3.412,3.730
89.88180,54.28466,2077,K0 III,3.967,1.628,1.427,1.541,1.337,0.467,0.480,0.770,0.970,1.205,1.334,1.442,1.678
89.10122,-14.16770,2085,F0 IV,3.816,0.212,0.147,0.241,0.376,0.168,0.157,0.264,0.344,0.457,0.471,0.495,0.586
89.88218,44.94743,2088,A2 V,1.927,0.120,0.095,0.079,0.051,0.013,0.016,0.003,0.042,0.056,0.039,0.082,0.085
89.98375,45.93674,2091,M3.5 II,4.739,3.782,3.167,2.991,2.403,0.929,0.684,1.332,2.311,2.966,3.225,3.692,4.037
89.93029,37.21258,2095,B9.5 Vp,2.592,-0.290,-0.270,-0.310,-0.126,-0.050,0.019,-0.012,,,,,
90.01396,-3.07426,2113,K2 III,4.854,2.327,1.935,2.019,1.651,0.543,0.614,0.968,1.272,1.580,1.708,1.920,2.164
89.78669,-42.81513,2120,K0 III,4.247,2.015,1.723,1.869,1.538,0.574,0.568,0.858,1.096,1.340,1.424,1.621,1.895
90.59582,9.64727,2124,A2 V + F3 V,4.159,0.265,0.225,0.206,0.209,0.082,0.086,0.146,0.211,0.288,0.296,0.347,0.422
90.46009,-10.59793,2128,B5 IV,4.954,-1.003,-0.906,-0.603,-0.187,-0.037,-0.033,-0.042,-0.146,-0.122,-0.135,-0.186,-0.133
90.97994,20.13845,2135,B2 Ia,4.680,-0.778,-0.773,-0.386,0.232,0.239,0.138,0.263,0.351,0.466,0.520,0.518,0.645
91.24637,-16.48444,2148,A2 Sh,5.004,0.668,0.437,0.144,0.168,0.151,0.136,0.325,0.683,1.064,1.255,1.560,1.833
91.53885,-14.93526,2155,A1 V,4.682,0.088,0.085,0.076,0.058,0.039,0.005,0.019,0.009,0.029,0.040,0.056,0.092
91.89302,14.76847,2159,B3 V,4.399,-1.095,-0.996,-0.648,-0.225,-0.058,-0.045,-0.073,-0.194,-0.214,-0.252,-0.351,-0.372
93.01366,16.13041,2198,B5 V,4.954,-0.977,-0.907,-0.606,-0.204,-0.046,-0.041,-0.055,-0.105,-0.112,-0.156,-0.236,-0.249
92.98499,14.20877,2199,B3 V,4.455,-1.115,-1.019,-0.689,-0.235,-0.056,-0.057,-0.060,-0.133,-0.174,-0.203,-0.296,-0.276
94.71157,69.31979,2209,A0 V,4.758,0.004,-0.005,0.002,0.009,-0.003,0.004,0.006,0.038,0.057,0.041,0.069,0.108
93.71940,22.50679,2216,M3 III,3.603,3.190,2.757,2.714,2.252,0.789,0.688,1.259,2.084,2.713,2.947,3.354,3.662
93.84454,29.49808,2219,G8 III,4.563,1.629,1.399,1.509,1.325,0.474,0.486,0.795,1.050,1.295,1.404,1.565,1.769
93.71389,-6.27477,2227,K3 III,4.295,2.615,2.277,2.327,1.885,0.602,0.624,0.991,1.311,1.585,1.738,1.957,2.212
94.90577,59.01096,2238,A2 V,4.517,0.038,0.025,0.049,0.031,0.011,0.020,0.038,0.006,0.030,0.013,0.037,0.023
94.24460,23.74091,2240,B3 Ia,6.379,-0.204,-0.255,-0.068,0.421,0.306,0.260,0.436,0.657,0.841,0.921,1.018,1.094
93.93702,-13.71841,2244,B8 V,5.002,-0.375,-0.348,-0.340,-0.124,-0.029,-0.008,-0.015,-0.022,-0.039,-0.042,-0.059,-0.043
95.07830,-30.06337,2282,B2.5 IV,2.996,-1.181,-1.135,-0.711,-0.293,-0.042,-0.061,-0.131,-0.186,-0.244,-0.279,-0.351,-0.341
95.74011,22.51358,2286,M3 III,3.321,3.747,3.123,3.000,2.388,0.842,0.673,1.268,2.161,2.767,3.010,3.405,3.732
95.67494,-17.95592,2294,B1 II-III,1.957,-1.575,-1.449,-0.967,-0.315,-0.071,-0.077,-0.129,-0.196,-0.247,-0.312,-0.478,-0.493
95.52845,-33.43640,2296,gG4,3.993,1.196,0.967,1.092,1.080,0.403,0.396,0.647,0.838,1.090,1.179,1.292,1.419
95.94202,4.59287,2298,A5 IV,4.340,0.290,0.206,0.219,0.263,0.117,0.123,0.179,0.249,0.320,0.335,0.354,0.411
96.36739,14.72199,2308,"C6,2",7.055,6.274,5.533,5.505,4.185,1.275,1.260,1.936,2.468,2.967,3.480,3.885,4.318
95.98796,-52.69566,2326,F0 Ib-II,-0.696,0.778,0.610,0.117,0.149,0.090,0.139,0.190,0.218,0.274,0.350,0.398,0.475
97.24078,20.21213,2343,B7 IV,4.166,-0.795,-0.723,-0.548,-0.175,-0.045,-0.017,-0.029,-0.075,-0.086,-0.105,-0.178,-0.174
96.98987,-4.76215,2344,B2 V,5.032,-1.257,-1.151,-0.751,-0.244,-0.044,-0.062,-0.097,-0.183,-0.205,-0.241,-0.370,-0.296
97.20446,-7.03306,2356,B3 Vpe,3.720,-1.224,-1.142,-0.759,-0.229,-0.056,-0.056,-0.003,-0.121,-0.113,-0.168,-0.279,-0.279
98.22596,7.33297,2385,A0 Ib,4.534,-0.082,-0.127,-0.366,-0.023,0.053,0.034,0.087,0.088,0.114,0.158,0.147,0.231
98.19531,-11.16638,2392,K0 p Ba II,6.496,1.550,1.446,1.595,1.508,0.532,0.479,0.769,1.007,1.221,1.310,1.446,1.679
99.42796,16.39928,2421,A0 IV,1.957,0.129,0.121,0.014,0.008,0.006,0.013,0.020,0.036,0.039,0.044,0.066,0.101
99.83261,42.48888,2427,K3 II-III,5.117,2.356,2.093,2.159,1.749,0.555,0.595,0.924,1.221,1.487,1.610,1.822,2.045
99.17099,-19.25588,2429,K1 IV,4.236,1.792,1.655,1.752,1.432,0.456,0.525,0.820,1.053,1.283,1.382,1.535,1.729
99.47259,-18.23748,2443,K1 II-III,4.719,2.019,1.794,1.862,1.579,0.531,0.533,0.855,1.124,1.370,1.487,1.664,1.914
99.81966,-14.14576,2450,K3 III,5.217,3.123,2.743,2.737,2.183,0.702,0.724,1.136,1.491,1.805,1.967,2.236,2.522
99.44030,-43.19593,2451,B8 III,3.168,-0.535,-0.570,-0.527,-0.189,0.007,0.000,-0.021,-0.064,-0.057,-0.054,-0.130,-0.071
100.24441,9.89576,2456,O7 V((f)),4.641,-1.700,-1.566,-1.016,-0.319,-0.059,-0.076,-0.116,-0.193,-0.241,-0.310,-0.455,-0.500
100.49680,6.34543,2467,O7 V,6.396,-1.416,-1.316,-0.798,-0.133,0.023,0.030,0.042,0.091,0.076,0.060,-0.052,-0.038
101.55888,59.44167,2470,A2 n,4.896,0.093,0.083,0.122,0.102,0.046,0.033,0.058,0.088,0.106,0.112,0.132,0.198
100.98303,25.13113,2473,G8 Ib,3.357,2.689,2.397,2.363,2.016,0.689,0.629,0.960,1.281,1.544,1.675,1.887,2.092
100.99705,13.22802,2478,K1 III,4.813,2.156,1.890,1.960,1.614,0.531,0.568,0.878,1.202,1.449,1.589,1.774,2.010
101.32235,12.89559,2484,F5 IV,3.542,0.305,0.224,0.328,0.496,0.223,0.212,0.395,0.522,0.638,0.673,0.711,0.807
101.28716,-16.71612,2491,A1 V,-1.424,-0.097,-0.090,-0.021,-0.022,-0.021,-0.006,-0.021,-0.010,-0.015,-0.030,-0.046,-0.036
101.96521,2.41216,2506,K0 III,4.746,1.975,1.761,1.807,1.537,0.519,0.516,0.819,1.083,1.322,1.425,1.604,1.824
105.01681,76.97741,2527,K4 III,4.958,2.839,2.494,2.567,1.988,0.552,0.729,1.111,1.464,1.779,1.918,2.153,2.394
102.46025,-32.50848,2538,B1.5 IVne,4.228,-2.093,-2.027,-1.359,-0.710,-0.498,0.463,0.516,0.526,0.563,0.452,0.247,0.336
103.19725,33.96125,2540,A3 III,3.676,0.318,0.265,0.134,0.115,0.049,0.073,0.122,0.154,0.206,0.203,0.257,0.303
102.04773,-61.94139,2550,A5 V,3.341,0.387,0.280,0.233,0.238,0.117,0.142,0.200,0.302,0.353,0.375,0.413,0.464
102.48404,-50.61457,2553,K0 III,3.227,2.248,2.018,2.036,1.691,0.539,0.591,0.902,1.151,1.422,1.547,1.733,1.916
104.31919,58.42276,2560,G5 III-IV,4.584,1.138,1.011,1.100,1.076,0.398,0.436,0.683,0.905,1.115,1.187,1.368,1.556
103.66098,13.17784,2564,F0 Vp,4.750,0.230,0.177,0.258,0.351,0.171,0.187,0.301,0.470,0.552,0.532,0.594,0.693
103.38711,-20.22425,2571,B1 IV,4.780,-1.548,-1.412,-0.934,-0.303,-0.051,-0.079,-0.126,-0.158,-0.206,-0.302,-0.470,-0.537
103.54749,-12.03863,2574,K3+III,4.475,3.027,2.579,2.663,2.065,0.608,0.741,1.167,1.546,1.847,2.036,2.278,2.545
104.40461,45.09409,2585,A2 V,4.942,0.085,0.079,0.039,0.007,0.051,0.029,0.029,0.052,0.069,0.063,0.093,0.066
103.90596,-20.13650,2590,gF2,4.744,0.250,0.183,0.266,0.405,0.195,0.202,0.336,0.462,0.567,0.576,0.622,0.710
104.03427,-17.05424,2596,B3 II,4.380,-1.055,-0.969,-0.688,-0.127,0.024,-0.005,0.019,0.046,0.036,0.027,-0.039,-0.030
104.65645,-28.97209,2618,B2 II,1.471,-1.559,-1.476,-0.940,-0.376,-0.075,-0.072,-0.111,-0.182,-0.210,-0.282,-0.423,-0.377
105.42978,-27.93483,2646,K7 Ib,3.935,3.545,3.148,3.042,2.521,0.814,0.853,1.292,1.864,2.303,2.496,2.832,3.122
105.72824,-4.23923,2648,B1 V,4.970,-1.487,-1.368,-0.917,-0.277,-0.050,-0.060,-0.079,-0.096,-0.140,-0.221,-0.360,-0.361
106.02721,20.57030,2650,F7-G3 Ib,3.946,1.194,0.942,0.859,0.917,0.372,0.373,0.562,0.782,0.953,1.018,1.126,1.254
105.75613,-23.83329,2653,B3 Ia,2.993,-1.247,-1.203,-0.809,-0.251,-0.021,-0.042,-0.002,-0.026,-0.041,-0.082,-0.129,-0.108
105.93955,-15.63329,2657,B8 II,4.107,-0.780,-0.726,-0.542,-0.167,-0.030,-0.021,-0.039,-0.057,-0.079,-0.106,-0.164,-0.207
107.09785,-26.39320,2693,F8 Ia,1.998,1.305,0.970,0.779,0.728,0.296,0.348,0.505,0.662,0.816,0.887,0.988,1.135
107.78488,30.24516,2697,K2 III,4.705,2.548,2.243,2.264,1.830,0.567,0.605,0.950,1.239,1.508,1.653,1.848,2.081
107.55701,-4.23711,2701,K0 III,5.165,1.579,1.353,1.469,1.319,0.453,0.484,0.769,1.048,1.285,1.393,1.549,1.774
107.96608,-0.49277,2714,A0 IV,4.182,0.133,0.099,-0.091,-0.043,-0.020,0.046,0.061,0.052,0.074,0.102,0.112,0.120
107.17659,-70.49709,2735,G8 III + dF4,3.820,1.288,1.140,1.227,1.160,0.420,0.440,0.710,0.964,1.189,1.255,1.425,1.576
108.38466,-44.63974,2748,gM5 e,5.438,3.351,2.550,2.163,1.865,1.061,0.697,1.606,2.786,3.692,4.152,7.528,7.828
108.70272,-26.77267,2749,B2 IV-Ve,3.894,-1.237,-1.175,-0.722,-0.197,-0.030,-0.043,0.012,0.007,0.033,-0.069,-0.192,-0.046
109.63324,49.46475,2751,A3 III-IV,5.030,0.292,0.233,0.056,0.075,0.036,0.056,0.106,0.139,0.174,0.192,0.231,0.192
109.52325,16.54039,2763,A3 V,3.605,0.209,0.175,0.160,0.125,0.034,0.042,0.078,0.101,0.140,0.142,0.164,0.226
109.28565,-37.09747,2773,K5 III,3.144,2.341,2.170,2.381,2.128,0.783,0.799,1.257,1.703,2.093,2.304,2.580,2.898
110.03075,21.98232,2777,F0 IV,3.631,0.319,0.260,0.243,0.363,0.164,0.200,0.334,,,,,
109.66825,-24.55870,2781,O7 f,4.845,-1.586,-1.469,-0.894,-0.229,-0.042,-0.020,-0.016,-0.027,-0.046,-0.089,-0.204,-0.233
109.67703,-24.95437,2782,O9 Ib,4.370,-1.584,-1.465,-0.892,-0.253,-0.038,-0.040,-0.047,-0.075,-0.098,-0.170,-0.284,-0.251
109.20760,-67.95715,2803,F8 II,4.193,1.161,0.936,0.910,0.960,0.368,0.398,0.608,0.815,0.999,1.047,1.151,1.269
110.55637,-19.01660,2812,B7 IV,4.953,-0.601,-0.553,-0.417,-0.112,0.003,0.017,0.031,0.019,0.032,0.009,0.001,-0.013
111.67855,49.21153,2818,A1 IV,4.615,0.037,0.019,-0.027,-0.035,0.002,-0.012,0.002,-0.018,-0.004,0.002,0.014,0.018
111.43165,27.79808,2821,K0 III,4.051,1.634,1.436,1.527,1.332,0.451,0.474,0.783,1.014,1.252,1.364,1.527,1.720
111.02376,-29.30311,2827,B5 Ia,2.428,-1.063,-1.006,-0.698,-0.118,0.015,-0.004,0.008,0.022,0.022,0.018,-0.097,-0.077
111.78767,8.28932,2845,B7 V,2.863,-0.480,-0.408,-0.339,-0.132,-0.030,-0.049,-0.052,-0.086,-0.088,-0.082,-0.127,-0.107
112.27800,31.78455,2852,F0 V,4.263,0.139,0.074,0.195,0.357,0.167,0.169,0.291,0.398,0.506,0.531,0.567,0.648
112.04081,8.92553,2854,K3 III,4.691,2.791,2.459,2.492,2.049,0.623,0.719,1.118,1.526,1.888,2.027,2.305,2.556
112.44909,12.00657,2864,K2 III,4.861,2.533,2.252,2.230,1.825,0.590,0.604,0.943,1.244,1.528,1.644,1.859,2.096
112.30763,-43.30143,2878,K5 III,3.723,3.130,2.753,2.757,2.182,0.603,0.830,1.251,1.736,2.123,2.284,2.575,2.829
113.65042,31.88849,2890,A1 V,1.599,-0.014,-0.026,0.038,0.033,0.013,0.023,0.035,0.031,0.052,0.035,0.047,0.074
113.98062,26.89574,2905,M0 III,4.486,3.387,2.924,2.938,2.308,0.647,0.785,1.244,1.745,2.168,2.336,2.629,2.953
114.79139,34.58435,2930,F3 III,4.991,0.388,0.274,0.321,0.472,0.211,0.210,0.356,0.481,0.612,0.650,0.705,0.740
114.82550,5.22499,2943,F5 IV-V,0.454,0.257,0.190,0.310,0.481,0.222,0.214,0.362,0.496,0.629,0.649,0.684,0.786
115.75173,58.71036,2946,A3 III,5.006,0.248,0.184,0.083,0.074,0.043,0.046,0.077,0.121,0.167,0.161,0.196,0.317
115.31180,-9.55113,2970,K0 III,4.187,1.683,1.508,1.578,1.379,0.484,0.465,0.752,1.000,1.227,1.340,1.483,1.689
116.11189,24.39800,2985,G8 III,3.812,1.414,1.235,1.324,1.216,0.438,0.423,0.709,0.920,1.140,1.223,1.350,1.526
116.32896,28.02620,2990,K0 III,1.388,1.624,1.443,1.524,1.328,0.455,0.480,0.777,1.025,1.252,1.343,1.491,1.698
115.88494,-28.41088,2993,K3 Ib,5.061,3.485,2.620,2.951,2.436,0.710,0.816,1.283,1.870,2.301,2.436,2.786,3.062
115.95195,-28.95483,2996,A3 IIep,4.048,0.400,0.272,-0.154,0.149,0.144,0.118,0.211,0.314,0.357,0.531,0.541,0.627
116.53103,18.51004,3003,K5 III,5.300,3.107,2.660,2.719,2.100,0.596,0.750,1.183,1.628,2.004,2.148,2.430,2.709
116.31373,-37.96858,3017,K5 IIa,4.064,3.134,2.872,2.757,2.389,0.825,0.842,1.348,1.890,2.304,2.480,2.827,3.102
115.45525,-72.60610,3024,K0 III,4.235,1.631,1.446,1.536,1.349,0.463,0.409,0.785,1.083,1.327,1.410,1.599,1.803
117.32357,-24.85979,3045,G3 Ib,3.633,2.290,1.920,1.920,1.734,0.584,0.575,0.875,1.157,1.400,1.477,1.682,1.857
117.94293,-13.89803,3064,G1 V,5.321,0.379,0.279,0.512,0.675,0.275,0.309,0.509,0.715,0.883,0.919,1.014,1.149
118.37422,26.76578,3067,A4 V,5.003,0.224,0.204,0.160,0.121,0.053,0.055,0.088,0.129,0.163,0.167,0.201,0.166
118.05430,-40.57579,3080,G5 III,3.954,1.687,1.475,1.566,1.352,0.466,0.475,0.773,1.075,1.311,1.405,1.587,1.792
119.19464,-52.98235,3117,B3 IVp,3.458,-1.115,-1.021,-0.698,-0.230,-0.052,-0.056,-0.099,-0.129,-0.168,-0.206,-0.312,-0.310
119.56016,-49.24491,3129,B1 Vp + B2,4.339,-1.559,-1.429,-0.914,-0.267,-0.046,-0.051,-0.079,-0.093,-0.148,-0.186,-0.317,-0.323
119.96688,-18.39923,3131,A3 V,4.653,0.218,0.203,0.115,0.089,0.039,0.039,0.067,0.097,0.129,0.122,0.148,0.240
120.30557,-1.39261,3141,K4 III,5.099,3.139,2.711,2.784,2.161,0.624,0.752,1.178,1.605,1.953,2.115,2.387,2.654
120.56640,2.33457,3145,K2 III,4.729,2.379,2.057,2.134,1.752,0.558,0.625,0.982,1.320,1.602,1.737,1.963,2.223
120.06121,-48.98151,3148,A2 V,5.999,0.119,0.096,0.094,0.047,0.013,0.017,0.011,,,,,
119.90643,-60.58706,3153,M1 II,5.650,3.510,3.130,3.100,2.600,0.860,0.830,1.390,,,,,
120.08319,-63.56746,3159,B3 V,4.800,-1.110,-1.010,-0.670,-0.220,-0.050,-0.060,-0.110,,,,,
120.89603,-40.00315,3165,O4 I(n)f,2.243,-1.826,-1.691,-1.083,-0.381,-0.122,-0.051,-0.089,-0.168,-0.221,-0.281,-0.449,-0.456
122.11436,51.50667,3173,A2 V,4.842,0.091,0.065,0.031,0.015,0.005,0.014,-0.031,0.042,0.047,0.048,0.064,0.042
121.88604,-24.30432,3185,F6 IIp,2.881,0.545,0.430,0.433,0.496,0.190,0.232,0.358,0.495,0.583,0.610,0.638,0.720
122.14853,-2.98379,3188,G2 Ib,4.582,1.528,1.295,1.293,1.259,0.481,0.456,0.711,0.969,1.154,1.251,1.404,1.573
122.25682,-19.24501,3192,B5 V,4.394,-1.017,-0.922,-0.639,-0.217,-0.044,-0.037,-0.079,-0.081,-0.159,-0.182,-0.277,-0.321
122.38313,-47.33659,3207,WC7 + O7:,1.877,-1.726,-1.582,-1.015,-0.341,-0.265,0.229,-0.033,0.018,-0.062,-0.061,0.043,-0.138
122.81794,-12.92700,3211,K0 III,4.963,1.430,1.285,1.367,1.238,0.425,0.463,0.719,0.958,1.164,1.255,1.398,1.567
121.98248,-68.61707,3223,B6 IV,4.350,-0.790,-0.740,-0.500,-0.170,-0.040,-0.040,-0.060,,,,,
124.12884,9.18554,3249,K4 III,3.945,3.116,2.709,2.773,2.179,0.644,0.752,1.169,1.559,1.897,2.059,2.316,2.567
125.70879,43.18813,3275,K5 III,4.693,3.342,2.891,2.928,2.296,0.656,0.806,1.228,1.671,2.051,2.229,2.506,2.822
125.62848,-59.50948,3307,K0 II + B,2.255,0.782,0.881,1.177,1.440,0.629,0.759,1.166,1.568,1.931,2.112,2.417,2.691
126.41513,-3.90642,3314,A0 V,3.909,-0.077,-0.057,-0.009,-0.016,-0.010,0.005,-0.001,-0.008,-0.008,0.003,-0.007,0.023
124.63147,-76.91972,3318,F6 IV,4.194,0.222,0.159,0.268,0.450,0.202,0.211,0.367,0.490,0.605,0.631,0.671,0.779
127.56613,60.71817,3323,G4 II-III,3.588,1.181,0.974,1.062,1.078,0.407,0.395,0.648,0.887,1.092,1.160,1.257,1.403
126.43414,-66.13689,3347,K2 III,4.075,2.031,1.807,1.873,1.546,0.484,0.566,0.868,1.209,1.471,1.602,1.784,1.996
127.66346,-44.73732,3371,B5 IV,6.370,-0.800,-0.750,-0.530,-0.100,0.030,0.030,0.040,,,,,
130.05341,64.32794,3403,K2 III,4.932,2.137,1.869,1.959,1.624,0.509,0.581,0.919,1.188,1.455,1.599,1.803,2.001
128.81481,-58.22474,3415,B3 Vn,5.240,-1.020,-0.960,-0.610,-0.200,-0.040,-0.050,-0.070,,,,,
129.68932,3.34144,3418,K2 III,4.739,2.333,2.091,2.115,1.730,0.551,0.578,0.904,1.177,1.439,1.572,1.764,2.003
130.11254,19.54481,3429,A8 Vn,6.374,0.380,0.301,0.259,0.209,0.053,0.087,0.145,0.227,0.252,0.302,0.341,0.587
130.02560,-35.30835,3438,G4 III,4.136,1.411,1.202,1.281,1.212,0.457,0.403,0.656,0.923,1.116,1.189,1.338,1.512
130.43057,-15.94338,3441,K1 III,5.145,1.753,1.572,1.644,1.407,0.483,0.511,0.813,1.044,1.283,1.415,1.582,1.765
130.15654,-46.64874,3445,F2 Ia,4.009,1.673,1.338,0.664,0.743,0.401,0.370,0.608,0.904,1.107,1.322,1.492,1.619
130.07327,-52.92189,3447,B3 IV,3.577,-1.065,-0.980,-0.671,-0.235,-0.058,-0.046,-0.088,-0.136,-0.181,-0.219,-0.301,-0.318
130.82145,21.46850,3449,A1 V,4.713,0.031,0.012,0.053,0.013,0.003,0.030,0.032,0.014,0.021,0.026,0.039,0.011
130.80615,3.39866,3454,B3 V,4.275,-1.240,-1.138,-0.749,-0.248,-0.056,-0.061,-0.100,-0.167,-0.209,-0.252,-0.373,-0.400
130.15428,-59.76100,3457,B1.5 III,4.340,-1.300,-1.220,-0.800,-0.200,-0.020,-0.020,-0.030,,,,,
130.91822,-7.23373,3459,G2 Ib,4.842,1.140,0.985,1.028,1.040,0.411,0.408,0.645,0.871,1.064,1.124,1.272,1.408
131.17125,18.15431,3461,K0 III,4.238,1.838,1.648,1.731,1.457,0.479,0.530,0.837,1.079,1.339,1.444,1.606,1.806
130.56747,-48.09909,3462,B3 Vn,5.550,-1.530,-1.370,-0.900,-0.250,-0.060,0.000,0.040,,,,,
130.60578,-53.11398,3467,B4 IV,4.820,-1.160,-1.030,-0.700,-0.280,-0.100,-0.080,-0.100,,,,,
130.89807,-33.18639,3468,B1.5 III,3.669,-1.407,-1.287,-0.812,-0.233,-0.041,-0.075,-0.106,-0.143,-0.177,-0.247,-0.372,-0.368
131.66659,28.76505,3474,G8 II/A3 V,4.290,1.553,1.366,1.420,1.297,0.465,0.450,0.758,0.921,1.155,1.285,1.415,1.596
131.69380,6.41880,3482,G0 III-IV + dF7,3.574,0.838,0.715,0.805,0.810,0.301,0.354,0.599,0.791,0.971,1.063,1.167,1.318
131.59390,-13.54772,3484,G8 III,4.533,1.302,1.089,1.213,1.155,0.435,0.419,0.695,0.919,1.135,1.226,1.343,1.512
131.17594,-54.70882,3485,A0 V,1.950,0.120,0.120,0.120,0.060,0.030,0.040,0.040,,,,,
131.50685,-46.04153,3487,A0 III,3.937,0.412,0.349,-0.158,0.005,0.056,0.018,0.045,0.066,0.082,0.156,0.198,0.200
131.62728,-45.91251,3494,B3 Ia,5.600,-0.570,-0.510,-0.260,0.260,0.230,0.190,0.340,,,,,
131.67729,-56.76978,3498,B3 Vne,4.500,-1.270,-1.130,-0.780,-0.290,-0.100,-0.080,-0.010,,,,,
133.16086,-48.35910,3539,B3 Vn,5.860,-0.960,-0.880,-0.580,-0.230,-0.040,-0.050,-0.070,,,,,
133.84844,5.94557,3547,G8 III,3.378,1.593,1.407,1.490,1.319,0.472,0.462,0.749,0.974,1.217,1.321,1.466,1.640
134.80189,48.04183,3569,A7 V,3.229,0.188,0.152,0.214,0.246,0.082,0.111,0.185,0.258,0.310,0.323,0.340,0.398
133.76178,-60.64461,3571,B8 II,3.851,-0.728,-0.669,-0.472,-0.152,-0.030,-0.020,-0.035,-0.063,-0.073,-0.087,-0.166,0.022
134.62176,11.85770,3572,A5 m,4.322,0.322,0.284,0.232,0.191,0.069,0.088,0.113,0.059,0.050,0.038,0.074,0.185
134.08026,-52.72347,3574,B5 V,4.670,-0.900,-0.810,-0.510,-0.170,-0.040,-0.040,-0.060,,,,,
135.63621,67.62962,3576,M3 IIIb,5.153,3.529,2.981,2.861,2.278,0.726,0.697,1.245,1.852,2.472,2.738,3.172,3.569
135.15992,41.78295,3579,F5 V,4.114,0.244,0.188,0.345,0.493,0.208,0.251,0.415,0.525,0.647,0.693,0.734,0.789
134.24341,-59.22934,3582,B3 IV,4.910,-1.320,-1.170,-0.800,-0.310,-0.110,-0.100,-0.100,,,,,
135.90636,47.15652,3594,B9 n,3.607,0.071,0.057,-0.093,-0.040,0.002,0.030,0.046,0.062,0.071,0.089,0.121,0.120
136.63237,38.45222,3612,G8 Ib-II,4.803,1.652,1.431,1.476,1.381,0.509,0.465,0.757,1.000,1.218,1.312,1.456,1.637
136.03867,-47.09774,3614,K2 III,4.058,2.258,1.995,2.047,1.670,0.553,0.567,1.065,1.167,1.402,1.525,1.719,2.025
135.61165,-66.39608,3615,A5 V,4.050,0.210,0.170,0.240,0.210,0.050,0.070,0.100,,,,,
137.59811,67.13402,3616,F7 IV-V,4.954,0.259,0.184,0.361,0.550,0.225,0.279,0.459,0.612,0.750,0.747,0.844,0.926
137.21774,51.60465,3619,A1 m,4.531,0.316,0.265,0.325,0.360,0.127,0.145,0.206,0.308,0.373,0.390,0.407,0.501
137.72944,63.51363,3624,A7 m,4.768,0.410,0.346,0.384,0.446,0.167,0.188,0.277,0.366,0.456,0.465,0.485,0.506
136.99899,-43.43259,3634,K5 Ib,2.633,3.441,3.055,2.946,2.460,0.768,0.821,1.259,1.755,2.149,2.819,2.648,2.917
136.40990,-70.53850,3642,B2 IVe,4.640,-1.420,-1.330,-0.880,-0.260,-0.050,-0.080,-0.040,,,,,
137.74203,-58.96689,3659,B2 IV-V,3.422,-1.199,-1.081,-0.726,-0.267,-0.043,-0.066,-0.107,-0.172,-0.205,-0.256,-0.375,-0.156
139.04720,54.02186,3662,A5 V,4.873,0.211,0.168,0.213,0.227,0.083,0.100,0.168,0.223,0.296,0.312,0.317,0.375
137.81967,-62.31698,3663,B3 III,3.980,-1.240,-1.100,-0.770,-0.250,-0.070,-0.080,-0.130,,,,,
138.59108,2.31426,3665,B9.5 Vp,3.913,-0.245,-0.214,-0.144,-0.076,-0.034,-0.009,-0.011,-0.047,-0.049,-0.074,-0.087,-0.071
138.29991,-69.71721,3685,A0 III,1.688,0.201,0.179,0.001,-0.012,0.008,0.004,0.009,0.038,0.056,0.064,0.096,0.101
139.71102,36.80259,3690,A2 V,3.859,0.106,0.087,0.091,0.089,0.023,0.039,0.087,0.083,0.130,0.125,0.153,0.186
138.82350,-58.38838,3691,B7 IV,5.970,-0.730,-0.680,-0.430,-0.170,-0.030,-0.030,-0.050,,,,,
139.27253,-59.27523,3699,F0 Ib,2.330,0.328,0.216,0.183,0.186,0.111,0.108,0.170,0.296,0.357,0.445,0.510,0.531
140.26375,34.39256,3705,M0 III,3.576,3.366,2.867,2.911,2.304,0.654,0.805,1.239,1.760,2.154,2.312,2.600,2.877
139.94326,-11.97485,3706,G8 III,4.982,1.387,1.190,1.278,1.212,0.442,0.418,0.675,0.937,1.161,1.242,1.385,1.561
140.12091,-9.55570,3709,G8 III-IV,5.012,1.368,1.186,1.275,1.192,0.425,0.420,0.683,0.914,1.124,1.209,1.347,1.519
139.88531,-55.18647,3717,B7 IV,6.240,-0.830,-0.800,-0.560,-0.190,-0.020,-0.040,-0.060,,,,,
141.16358,26.18232,3731,K2 III,4.760,2.290,2.033,2.125,1.708,0.499,0.615,0.949,1.275,1.553,1.699,1.888,2.085
140.52841,-55.01067,3734,B2 IV-V,2.461,-1.236,-1.150,-0.774,-0.258,-0.059,-0.073,-0.127,-0.119,-0.169,-0.204,-0.336,-0.345
141.89684,-8.65860,3748,K3 IIIa,2.384,2.969,2.611,2.688,2.114,0.621,0.719,1.096,1.452,1.775,1.923,2.168,2.378
141.94492,-6.07119,3750,G2 V,5.583,0.503,0.387,0.588,0.718,0.304,0.363,0.575,0.774,0.954,1.013,1.090,1.206
144.27203,81.32638,3751,K3 III,4.660,3.065,2.698,2.717,2.188,0.660,0.726,1.112,1.476,1.810,1.956,2.193,2.430
142.88212,63.06186,3757,F0 IV,3.750,0.343,0.245,0.272,0.382,0.160,0.176,0.301,0.418,0.532,0.566,0.599,0.633
142.28707,-2.76896,3759,F6 V,4.715,0.224,0.155,0.333,0.519,0.243,0.230,0.391,0.539,0.656,0.680,0.727,0.787
143.62025,69.83034,3771,G4 III-IV,4.736,0.896,0.721,0.897,0.954,0.383,0.369,0.623,0.798,1.008,1.077,1.183,1.351
142.93011,22.96797,3773,K5 III,4.751,3.397,2.931,2.958,2.312,0.652,0.779,1.241,1.709,2.107,2.283,2.567,2.815
143.21431,51.67730,3775,F6 IV,3.306,0.266,0.187,0.327,0.547,0.253,0.232,0.425,0.551,0.691,0.729,0.773,0.871
142.67500,-40.46674,3786,F2 IV,3.668,0.270,0.197,0.294,0.460,0.212,0.153,0.289,0.165,0.269,0.292,0.322,0.356
143.55576,36.39756,3800,G8 III,4.764,1.295,1.128,1.216,1.168,0.431,0.426,0.702,0.890,1.092,1.190,1.326,1.519
142.80550,-57.03438,3803,K5 III,3.603,3.280,2.902,2.912,2.301,0.646,0.802,1.227,1.706,2.115,2.291,2.590,2.819
143.76596,39.62149,3809,K0 III,5.038,1.527,1.316,1.420,1.299,0.469,0.475,0.766,0.988,1.218,1.315,1.477,1.694
143.91460,35.81014,3815,G8 IV-V,5.602,0.837,0.775,0.977,0.965,0.342,0.417,0.653,0.852,1.042,1.091,1.198,1.337
143.06084,-62.78888,3816,M6/7 pe,5.871,3.120,1.426,0.896,0.609,1.166,0.081,1.354,2.713,3.589,4.018,4.623,4.749
143.61104,-59.22975,3825,B5 II,4.120,-0.790,-0.730,-0.540,-0.070,0.040,0.030,0.080,,,,,
144.61371,4.64929,3834,K3 III,5.034,2.654,2.290,2.376,1.899,0.573,0.671,1.067,1.392,1.692,1.838,2.067,2.351
144.96401,-1.14281,3845,K3 III,4.240,2.569,2.249,2.333,1.878,0.587,0.646,1.034,1.341,1.629,1.771,1.994,2.241
145.07652,-14.33230,3849,B5 V,5.048,-0.990,-0.888,-0.585,-0.184,-0.041,-0.045,-0.070,-0.123,-0.165,-0.176,-0.272,-0.319
145.28764,9.89231,3852,A5 V + F6II-III,3.668,0.556,0.468,0.509,0.611,0.240,0.251,0.417,0.496,0.644,0.692,0.743,0.847
144.83750,-61.32806,3856,B9 V,4.570,-0.390,-0.310,-0.150,-0.060,-0.010,-0.020,-0.010,,,,,
143.47240,-80.94126,3860,B5 IV,5.060,-1.010,-0.960,-0.610,-0.230,-0.070,-0.070,-0.070,,,,,
146.46281,23.77426,3873,G0 II,3.190,1.105,0.878,0.943,1.006,0.377,0.386,0.627,0.817,1.025,1.098,1.191,1.314
145.92598,-53.89128,3875,A0 V,5.530,-0.180,-0.170,-0.120,-0.100,-0.030,-0.010,-0.040,,,,,
147.14738,46.02101,3881,G1 V,5.246,0.500,0.396,0.586,0.723,0.284,0.304,0.497,0.649,0.810,0.857,0.932,1.020
146.31171,-62.50790,3884,G5 Iab/b,4.475,2.728,2.424,2.382,2.055,0.686,0.745,1.085,1.393,1.669,1.778,1.997,2.163
146.62654,-44.75506,3886,B3 V,5.550,-1.240,-1.140,-0.750,-0.230,-0.040,-0.080,-0.130,,,,,
147.74732,59.03874,3888,F2 IV,3.852,0.326,0.238,0.220,0.306,0.141,0.162,0.282,0.358,0.462,0.486,0.524,0.535
146.77493,-65.07197,3890,A9 II,3.062,0.743,0.658,0.158,0.229,0.139,0.184,0.259,0.446,0.539,0.676,0.765,0.795
148.02648,54.06433,3894,A3 IV,4.595,0.168,0.151,0.081,0.036,0.029,0.020,0.042,0.048,0.071,0.065,0.083,0.046
147.86956,-14.84660,3903,G8 III,4.339,1.394,1.222,1.303,1.217,0.443,0.431,0.693,0.930,1.141,1.223,1.345,1.494
148.19090,26.00695,3905,K2 III,4.229,2.416,2.206,2.230,1.751,0.487,0.629,0.961,1.218,1.496,1.621,1.806,2.018
148.57356,-45.28352,3925,B4 V,5.620,-0.870,-0.770,-0.390,-0.160,-0.030,-0.060,-0.100,,,,,
149.21559,-54.56779,3940,B5 Ib,3.535,-0.941,-0.862,-0.651,-0.146,-0.027,-0.022,-0.032,-0.010,-0.042,-0.021,-0.125,0.032
150.05336,8.04422,3950,M2 III,5.116,3.611,3.102,3.055,2.399,0.736,0.770,1.263,1.922,2.414,2.621,2.956,3.243
151.28112,-13.06463,3970,B8 V,4.550,-0.436,-0.373,-0.314,-0.130,-0.010,-0.035,-0.052,-0.085,-0.091,-0.106,-0.142,-0.142
151.85735,35.24469,3974,A7 V,4.539,0.200,0.181,0.223,0.245,0.089,0.080,0.130,0.184,0.247,0.236,0.274,0.291
151.83313,16.76266,3975,A0 Ib,3.551,-0.212,-0.248,-0.445,-0.099,0.019,0.049,0.067,0.081,0.098,0.153,0.124,0.097
151.97613,9.99751,3980,K4 III,4.762,3.055,2.659,2.710,2.124,0.609,0.760,1.162,1.544,1.888,2.045,2.294,2.548
151.98453,-0.37165,3981,A0 III,4.479,-0.055,-0.039,-0.138,-0.046,0.015,-0.013,-0.045,-0.042,-0.028,-0.028,-0.044,-0.056
152.09296,11.96721,3982,B7 V,1.382,-0.615,-0.563,-0.437,-0.162,-0.032,-0.034,-0.058,-0.061,-0.092,-0.106,-0.150,-0.126
152.23433,-51.81126,3990,B2 V,4.850,-1.080,-1.010,-0.710,-0.220,-0.010,-0.040,-0.060,,,,,
152.64699,-12.35408,3994,K0 III,3.847,1.743,1.586,1.627,1.374,0.466,0.485,0.772,0.982,1.199,1.297,1.436,1.625
153.68398,-42.12194,4023,A2 V,3.845,0.119,0.108,0.119,0.068,0.019,0.012,0.010,0.062,0.057,0.056,0.058,0.117
154.17257,23.41731,4031,F0 III,3.536,0.525,0.407,0.276,0.352,0.161,0.179,0.292,0.411,0.517,0.571,0.614,0.681
154.27410,42.91436,4033,A2 IV,3.443,0.153,0.105,0.069,0.040,0.011,0.005,0.025,0.035,0.058,0.056,0.080,0.066
153.43424,-70.03790,4037,B8 III,3.313,-0.367,-0.350,-0.410,-0.127,-0.016,-0.033,-0.028,-0.027,-0.037,0.000,-0.063,-0.041
153.81933,-54.97421,4038,B2 IV-V,6.100,-1.240,-1.090,-0.710,-0.190,-0.020,-0.030,-0.040,,,,,
154.31057,23.10622,4039,F8 Vb w,5.902,0.256,0.135,0.308,0.568,0.242,0.228,0.409,0.588,0.746,0.828,0.869,0.953
154.27073,-61.33230,4050,K5 Ib,3.796,3.000,2.738,2.737,2.252,0.716,0.763,1.140,1.526,1.865,2.034,2.305,2.555
154.93403,19.47091,4054,F6 IV,4.903,0.219,0.173,0.341,0.510,0.218,0.226,0.373,0.537,0.669,0.698,0.754,0.802
154.99345,19.84126,4057,K0 IIIp,2.303,1.909,1.625,1.733,1.511,0.520,0.528,0.853,1.198,1.470,1.609,1.805,1.977
155.58225,41.49952,4069,M0 III,3.489,3.303,2.845,2.876,2.314,0.686,0.789,1.261,1.745,2.203,2.418,2.726,2.981
156.03269,65.56642,4072,A0 p,4.972,-0.214,-0.209,-0.190,-0.068,-0.012,0.001,-0.006,0.003,0.010,0.018,-0.002,-0.037
155.22874,-56.04332,4074,B3 III,4.460,-0.930,-0.860,-0.630,-0.200,-0.040,-0.040,-0.080,,,,,
156.47840,33.79612,4090,F0 V,4.802,0.367,0.344,0.282,0.299,0.120,0.164,0.237,0.325,0.425,0.450,0.491,0.534
156.43446,-7.05983,4092,M0 III,5.995,3.362,2.890,2.877,2.238,0.637,0.771,1.232,1.758,2.166,2.355,2.648,2.923
156.52261,-16.83629,4094,K4 III,4.205,3.206,2.795,2.809,2.201,0.625,0.778,1.195,1.601,1.954,2.125,2.378,2.647
156.97083,36.70721,4100,G8 III-IV,4.402,1.300,1.161,1.271,1.184,0.430,0.445,0.714,0.927,1.154,1.252,1.395,1.522
156.09877,-74.03161,4102,F3 IV-V,4.093,0.176,0.106,0.254,0.402,0.178,0.172,0.286,0.426,0.537,0.556,0.572,0.691
157.65658,55.98054,4112,F8 V,4.947,0.234,0.176,0.388,0.601,0.276,0.277,0.462,0.659,0.804,0.855,0.905,1.058
156.96970,-58.73940,4114,F0 II,3.850,0.847,0.705,0.312,0.311,0.146,0.176,0.277,0.418,0.511,0.573,0.651,0.760
158.30787,40.42556,4132,A7 IV,4.766,0.200,0.190,0.219,0.259,0.107,0.106,0.182,0.245,0.312,0.329,0.370,0.384
158.20280,9.30659,4133,B1 Ib,3.813,-1.458,-1.344,-0.906,-0.224,-0.013,-0.037,-0.036,-0.094,-0.118,-0.159,-0.266,-0.302
157.58386,-71.99279,4138,A2 V,4.760,0.140,0.120,0.100,0.020,0.010,0.010,0.000,,,,,
158.00610,-61.68533,4140,B4 Vne,3.312,-1.076,-1.006,-0.686,-0.167,-0.027,-0.024,0.020,0.098,0.141,0.076,-0.028,0.050
159.38864,-13.38454,4163,"C7,3",5.627,12.000,8.900,7.922,5.309,1.500,1.238,1.882,2.381,2.846,3.338,3.720,4.161
159.68005,31.97624,4166,G3 Ib-II,4.865,1.181,0.971,1.002,1.037,0.394,0.372,0.617,0.823,1.004,1.076,1.193,1.303
159.32558,-48.22562,4167,F4 IV + A1 V,3.919,0.210,0.165,0.272,0.357,0.150,0.147,0.252,0.402,0.474,0.482,0.493,0.594
158.86711,-78.60779,4174,M0 III,4.621,3.434,3.019,2.967,2.325,0.675,0.822,1.274,1.811,2.233,2.376,2.704,2.960
160.73917,-64.39445,4199,B0.5 Vp,2.739,-1.612,-1.512,-0.990,-0.319,-0.066,-0.099,-0.156,-0.185,-0.225,-0.280,-0.472,-0.505
160.96330,-64.24904,4204,B2.5 V,5.780,-0.810,-0.760,-0.480,-0.050,0.040,0.000,0.010,,,,,
161.02881,-63.96107,4205,B5 Vn,4.800,-1.160,-1.080,-0.770,-0.190,-0.040,-0.070,-0.110,,,,,
161.26477,-59.68443,4210,P7 Pec,6.116,-0.173,-0.114,0.225,0.877,0.512,0.140,1.197,1.018,1.325,1.594,1.807,2.450
161.69241,-49.42026,4216,G5 III,2.925,1.256,1.066,1.202,1.139,0.428,0.435,0.707,0.933,1.145,1.234,1.361,1.513
161.71342,-64.38347,4222,B3 IV,4.870,-0.980,-0.920,-0.610,-0.190,-0.040,-0.070,-0.110,,,,,
162.40620,-16.19365,4232,K3 III,3.433,2.348,2.072,2.149,1.725,0.541,0.592,0.953,1.237,1.506,1.633,1.836,2.080
161.44585,-80.54019,4234,B2.5 IV,4.440,-1.190,-1.120,-0.720,-0.240,-0.070,-0.080,-0.130,,,,,
163.32794,34.21487,4247,K0 III-IV,4.061,1.742,1.540,1.655,1.402,0.475,0.494,0.805,1.053,1.299,1.399,1.570,1.718
163.49475,43.18996,4248,A1 V,4.694,-0.106,-0.095,-0.086,-0.066,-0.011,-0.009,-0.028,-0.024,-0.022,-0.044,-0.023,-0.081
163.37356,-58.85317,4257,K0 III-IV,4.025,1.311,1.149,1.282,1.199,0.424,0.454,0.724,1.003,1.216,1.300,1.445,1.609
164.94360,-18.29878,4287,K0 III,4.359,1.875,1.677,1.745,1.468,0.481,0.524,0.826,1.090,1.324,1.441,1.596,1.805
165.46032,56.38243,4295,A1 V,2.359,0.006,0.015,0.003,-0.016,-0.004,-0.014,-0.015,-0.025,-0.019,-0.033,-0.037,-0.069
165.45698,-2.48458,4299,K5 III,5.167,3.548,3.058,3.051,2.402,0.702,0.786,1.264,1.812,2.245,2.440,2.743,3.048
165.58240,20.17984,4300,A1 V,4.444,0.085,0.080,0.128,0.076,0.022,0.010,0.013,0.006,0.027,0.017,0.031,0.031
165.93196,61.75103,4301,K0 III,2.068,1.783,1.588,1.645,1.429,0.505,0.506,0.809,1.072,1.321,1.434,1.597,1.769
166.25428,7.33601,4310,F2 III-IV,4.680,0.294,0.227,0.278,0.387,0.171,0.187,0.307,0.408,0.501,0.519,0.539,0.610
167.41587,44.49849,4335,K1 III,3.312,2.067,1.837,1.920,1.577,0.512,0.550,0.873,1.081,1.394,1.507,1.693,1.871
167.14746,-58.97504,4337,G0 Ia-0,4.280,2.268,1.892,1.760,1.606,0.588,0.646,0.926,1.302,1.540,1.645,1.860,2.018
168.52709,20.52372,4357,A4 V,2.611,0.238,0.199,0.185,0.153,0.051,0.067,0.099,0.192,0.236,0.222,0.240,0.239
168.56002,15.42957,4359,A2 V,3.351,0.082,0.067,-0.008,-0.021,-0.008,0.014,0.022,0.072,0.068,0.079,0.085,0.077
168.80095,23.09551,4362,M3 III,5.010,3.566,3.053,2.939,2.380,0.822,0.691,1.266,2.069,2.647,2.868,3.250,3.540
169.16541,-3.65160,4368,A7 III-IV,4.515,0.397,0.324,0.208,0.236,0.114,0.120,0.175,0.236,0.313,0.337,0.374,0.444
169.32250,2.01056,4371,M0 IIIb,5.575,3.297,2.836,2.850,2.210,0.626,0.760,1.207,1.729,2.165,2.358,2.620,2.899
169.54562,31.52937,4374,G0 V,3.900,0.298,0.202,0.450,0.662,0.287,0.282,0.491,0.693,0.874,0.937,1.002,1.149
169.61974,33.09431,4377,K3 III,3.839,2.753,2.397,2.456,1.996,0.624,0.682,1.072,1.421,1.736,1.884,2.108,2.311
169.78292,38.18556,4380,A2 V,4.819,0.093,0.086,0.158,0.128,0.047,0.043,0.084,0.093,0.137,0.155,0.153,0.174
169.83520,-14.77854,4382,G8 III-IV,3.871,1.913,1.636,1.720,1.479,0.518,0.522,0.863,1.091,1.358,1.480,1.661,1.885
170.28414,6.02933,4386,B9 V,4.086,-0.233,-0.215,-0.186,-0.087,-0.019,0.005,0.009,-0.029,-0.024,-0.035,-0.034,-0.072
170.25169,-54.49102,4390,B5 Vn,3.880,-1.080,-0.940,-0.620,-0.220,-0.060,-0.090,-0.140,,,,,
170.70660,43.48270,4392,G8 II,5.199,1.597,1.396,1.457,1.319,0.471,0.447,0.720,0.940,1.171,1.281,1.420,1.576
170.98105,10.52951,4399,F2 IV,4.040,0.309,0.232,0.338,0.471,0.219,0.211,0.333,0.464,0.587,0.621,0.665,0.767
171.22051,-17.68401,4405,A5 V,4.143,0.242,0.198,0.237,0.238,0.087,0.110,0.174,0.216,0.281,0.279,0.318,0.410
171.04637,-72.25661,4406,B3 III,5.640,-0.880,-0.840,-0.510,-0.050,0.060,0.040,0.060,,,,,
171.64757,-61.11517,4415,B5 IV,5.290,-0.890,-0.840,-0.590,-0.180,0.000,-0.020,-0.040,,,,,
172.85092,69.33107,4434,M0 III,4.271,3.608,3.062,3.066,2.415,0.703,0.804,1.291,1.809,2.277,2.466,2.772,2.989
172.94195,-59.44206,4441,G2 Ia,5.510,1.970,1.670,1.350,1.300,0.540,0.570,0.870,,,,,
172.95333,-59.51565,4442,A2 Ia,5.300,0.590,0.450,0.130,0.440,0.290,0.280,0.460,,,,,
173.25048,-31.85762,4450,G7 III,3.798,1.444,1.242,1.375,1.238,0.427,0.452,0.735,0.954,1.165,1.264,1.383,1.536
173.67704,16.79692,4456,B3 V,5.914,-1.111,-1.011,-0.643,-0.215,-0.053,-0.062,-0.093,-0.139,-0.170,-0.215,-0.310,-0.362
173.69023,-54.26409,4460,B9 V,4.600,-0.340,-0.300,-0.260,-0.120,-0.030,-0.030,-0.040,,,,,
173.94536,-63.01984,4467,B9 III,3.149,-0.055,-0.054,-0.274,-0.098,-0.002,-0.002,-0.021,0.005,0.010,0.030,0.022,-0.079
174.17047,-9.80225,4468,B9 V,4.661,-0.280,-0.246,-0.218,-0.103,-0.018,-0.032,-0.048,-0.073,-0.085,-0.095,-0.110,-0.125
174.23721,-0.82375,4471,G9 III,4.557,1.518,1.304,1.409,1.285,0.456,0.465,0.771,0.984,1.219,1.321,1.465,1.637
175.26257,34.20163,4496,G8 V,5.490,0.608,0.560,0.796,0.861,0.322,0.396,0.627,0.845,1.033,1.086,1.198,1.322
176.19073,-18.35067,4514,G8 III,4.921,1.474,1.306,1.391,1.282,0.454,0.424,0.710,0.918,1.141,1.229,1.354,1.491
176.46483,6.52937,4517,M1 III,4.416,3.430,2.816,2.801,2.240,0.691,0.707,1.163,1.757,2.197,2.398,2.696,2.940
176.51256,47.77941,4518,K0 III,4.000,2.149,1.863,1.946,1.612,0.537,0.560,0.907,1.197,1.474,1.608,1.793,1.990
176.40175,-66.72876,4520,A7 III,3.691,0.275,0.280,0.226,0.176,0.057,0.069,0.096,0.203,0.243,0.235,0.260,0.299
176.99640,20.21893,4527,G5 III-IV + A,4.645,0.687,0.585,0.651,0.626,0.253,0.272,0.481,0.680,0.855,0.924,1.030,1.146
177.26491,14.57206,4534,A3 V,2.125,0.131,0.105,0.173,0.142,0.054,0.038,0.075,0.067,0.093,0.092,0.109,0.117
177.42109,-63.78848,4537,B3 Vne,4.340,-1.080,-0.970,-0.660,-0.220,-0.060,-0.070,-0.120,,,,,
177.67383,1.76472,4540,F8 V,3.700,0.409,0.307,0.494,0.650,0.271,0.286,0.469,0.637,0.778,0.820,0.864,0.976
177.96344,-65.20591,4549,B4 IV,4.900,-1.010,-0.940,-0.590,-0.230,-0.060,-0.050,-0.090,,,,,
178.24487,37.71868,4550,G8 Vp,6.627,0.557,0.417,0.738,0.873,0.348,0.391,0.656,0.895,1.101,1.186,1.305,1.436
178.45770,53.69476,4554,A0 V,2.413,0.050,0.042,0.014,0.007,0.004,-0.020,-0.016,-0.025,-0.029,-0.012,-0.017,-0.053
179.41670,-62.44875,4573,B3 V,5.550,-1.120,-1.050,-0.590,-0.260,-0.060,-0.080,-0.090,,,,,
179.90657,-78.22184,4583,B9 Vn,4.890,-0.320,-0.310,-0.150,-0.070,-0.020,-0.040,-0.050,,,,,
180.21829,6.61432,4589,A4 V,4.710,0.330,0.283,0.186,0.128,0.083,0.048,0.091,0.120,0.153,0.169,0.221,0.219
180.75626,-63.31293,4599,A  m,4.390,0.240,0.180,0.220,0.280,0.140,0.130,0.230,,,,,
181.08006,-63.16571,4603,B2 V,4.710,-1.020,-0.940,-0.500,-0.160,-0.010,-0.040,-0.050,,,,,
181.30225,8.73299,4608,G8 III,4.348,1.349,1.153,1.301,1.269,0.466,0.445,0.724,0.962,1.185,1.283,1.421,1.562
182.02177,-50.66127,4618,B2 IIIne,4.470,-1.230,-1.090,-0.710,-0.240,-0.070,-0.080,-0.130,,,,,
182.06130,-48.69249,4620,A1 V,5.300,0.080,0.110,0.050,-0.010,0.030,0.010,0.030,,,,,
182.08957,-50.72243,4621,B2 IVne,2.509,-1.413,-1.298,-0.804,-0.194,-0.020,-0.059,-0.007,-0.005,0.028,-0.038,-0.192,-0.121
182.53117,-22.61977,4630,K3 III,3.368,2.641,2.326,2.385,1.919,0.591,0.667,0.999,1.352,1.618,1.756,1.987,2.188
182.91299,-52.36846,4638,B3 V,3.950,-1.080,-1.000,-0.630,-0.230,-0.070,-0.110,-0.170,,,,,
183.78632,-58.74893,4656,B2 IV,2.777,-1.476,-1.376,-0.913,-0.328,-0.090,-0.162,-0.188,-0.148,-0.203,-0.272,-0.445,-0.467
183.85650,57.03262,4660,A3 V,3.340,0.156,0.133,0.144,0.107,0.033,0.038,0.070,0.051,0.098,0.113,0.112,0.083
183.95154,-17.54193,4662,B8 III,2.584,-0.573,-0.536,-0.429,-0.158,-0.035,-0.019,-0.035,-0.050,-0.069,-0.087,-0.151,-0.152
184.58677,-79.31224,4674,B5 Vn,4.240,-0.910,-0.880,-0.560,-0.200,-0.050,-0.050,-0.080,,,,,
184.60937,-64.00307,4679,B2.5 V,4.020,-1.150,-1.090,-0.710,-0.270,-0.060,-0.100,-0.170,,,,,
184.97647,-0.66679,4689,A2 V,3.904,0.122,0.090,0.060,0.006,0.009,0.038,0.057,0.000,0.016,0.005,0.029,0.086
185.08742,3.31257,4695,K1 III,5.266,2.192,1.873,1.922,1.575,0.519,0.579,0.913,1.194,1.460,1.590,1.801,2.024
185.17928,17.79287,4697,G8 III,4.972,1.613,1.364,1.468,1.320,0.481,0.460,0.766,1.010,1.246,1.352,1.522,1.706
185.34004,-60.40115,4700,K3/4 III,3.991,2.789,2.490,2.531,1.992,0.581,0.713,1.083,1.469,1.779,1.926,2.193,2.378
185.62630,25.84616,4707,A5 + G5 III,4.940,0.646,0.569,0.616,0.569,0.241,0.266,0.453,0.605,0.765,0.829,0.938,1.061
186.00623,51.56226,4716,G7 III,4.960,1.317,1.108,1.174,1.145,0.425,0.409,0.670,0.867,1.072,1.155,1.300,1.454
186.64946,-63.09905,4730,B0.5 IV + B1 V,0.733,-1.622,-1.484,-1.004,-0.339,-0.088,-0.101,-0.176,-0.206,-0.268,-0.329,-0.481,-0.530
186.63233,-51.45064,4732,B5 Vn,4.790,-1.030,-0.980,-0.650,-0.250,-0.050,-0.090,-0.130,,,,,
186.73447,28.26842,4737,K1 III-IV,4.616,2.065,1.883,1.943,1.579,0.497,0.543,0.836,1.086,1.333,1.432,1.615,1.785
187.00993,-50.23064,4743,B2 V,3.870,-1.310,-1.220,-0.800,-0.290,-0.070,-0.100,-0.170,,,,,
187.46606,-16.51543,4757,B9 V,2.955,-0.182,-0.159,-0.118,-0.061,-0.017,-0.019,-0.021,-0.042,-0.060,-0.083,-0.083,-0.103
187.79150,-57.11321,4763,M3 II,2.050,3.571,2.996,2.876,2.258,0.796,0.634,1.266,2.200,2.831,3.067,3.509,3.800
188.11672,-72.13299,4773,B5 V,3.843,-1.030,-0.982,-0.636,-0.242,-0.065,-0.072,-0.120,-0.122,-0.164,-0.208,-0.315,-0.326
188.01761,-16.19600,4775,F0 IV,4.380,0.163,0.117,0.263,0.425,0.196,0.192,0.300,0.441,0.537,0.542,0.576,0.667
188.43560,41.35748,4785,G0 V,4.409,0.327,0.248,0.479,0.659,0.288,0.289,0.491,0.649,0.815,0.861,0.923,1.011
188.59681,-23.39676,4786,G5 III,2.862,1.294,1.074,1.185,1.149,0.419,0.424,0.668,0.917,1.107,1.180,1.307,1.470
188.37060,69.78824,4787,B7 p,3.850,-0.964,-0.919,-0.605,-0.182,-0.029,-0.035,-0.001,-0.072,-0.047,-0.094,-0.203,-0.232
188.71284,22.62926,4789,A0 III,4.791,0.001,0.009,-0.021,-0.019,0.005,0.014,0.002,0.017,0.026,0.045,0.045,0.085
189.29591,-69.13556,4798,B2 IV-V,2.654,-1.394,-1.292,-0.844,-0.308,-0.080,-0.104,-0.174,-0.169,-0.242,-0.309,-0.443,-0.465
189.42568,-48.54130,4802,A2 V,3.919,0.092,0.076,0.025,0.020,0.010,0.041,0.073,0.079,0.102,0.099,0.101,0.165
189.81153,-7.99556,4813,K2 III,4.956,2.458,2.236,2.237,1.765,0.535,0.597,0.919,1.196,1.452,1.574,1.766,1.976
190.37933,-48.95987,4819,A0 III,2.220,0.075,0.061,-0.053,-0.031,-0.020,0.012,0.008,0.043,0.034,0.035,0.039,0.076
190.48570,-59.68582,4823,B7 IV,4.950,-0.630,-0.550,-0.460,-0.140,0.010,-0.010,-0.010,,,,,
190.41660,-1.44951,4825,F0 V,2.865,0.109,0.080,0.203,0.408,0.177,0.182,0.303,,,,,
190.47107,10.23563,4828,A1 V,4.898,0.082,0.087,0.141,0.100,0.035,0.028,0.043,0.066,0.096,0.089,0.119,0.167
191.57002,-68.10812,4844,B2 V,3.030,-1.220,-1.167,-0.742,-0.270,-0.070,-0.097,-0.158,-0.128,-0.178,-0.228,-0.370,-0.407
191.24752,39.27892,4845,G0 V,6.081,0.206,0.114,0.383,0.613,0.247,0.270,0.456,0.769,0.933,0.987,1.078,1.107
191.28262,45.44026,4846,"C5,4",5.877,12.000,11.500,10.160,6.938,2.132,1.121,1.843,2.414,2.917,3.556,3.914,4.345
191.59464,-56.48882,4848,B3 V,4.620,-1.060,-1.040,-0.670,-0.240,-0.070,-0.090,-0.200,,,,,
191.93029,-59.68877,4853,B0.5 III,1.232,-1.634,-1.487,-0.998,-0.356,-0.080,-0.110,-0.126,-0.190,-0.258,-0.322,-0.488,-0.517
192.92468,27.54072,4883,G0 III,5.093,0.646,0.501,0.621,0.798,0.371,0.335,0.543,0.726,0.909,0.971,1.058,1.179
193.66326,-59.14670,4897,B4 Vn,4.600,-1.010,-0.960,-0.620,-0.230,-0.050,-0.080,-0.160,,,,,
193.64844,-57.17792,4898,B2 IV-V,4.020,-1.290,-1.180,-0.770,-0.280,-0.070,-0.090,-0.160,,,,,
193.65369,-57.16867,4899,B5 Ve,5.090,-0.990,-0.970,-0.560,-0.170,-0.010,-0.030,0.020,,,,,
193.58818,-9.53899,4902,M3 III,5.127,3.009,2.656,2.650,2.249,0.784,0.702,1.274,2.119,2.690,2.916,3.281,3.609
193.50729,55.95982,4905,A0 p,1.792,0.061,0.040,-0.074,-0.044,-0.026,0.017,0.014,0.018,0.023,0.018,0.006,-0.014
193.90087,3.39747,4910,M3 III,3.742,3.546,2.937,2.834,2.253,0.762,0.645,1.219,2.100,2.705,2.935,3.316,3.609
194.00180,38.31483,4914,F0 V,5.680,0.072,0.027,0.189,0.335,0.150,0.154,0.272,0.400,0.386,0.540,0.574,0.551
194.00694,38.31838,4915,"B9.5p Si,Eu,Hg",2.948,-0.572,-0.545,-0.386,-0.149,-0.077,0.015,-0.015,-0.070,-0.124,-0.107,-0.171,-0.220
194.73101,17.40944,4920,M1 III,5.193,3.460,2.968,2.992,2.335,0.657,0.787,1.254,1.814,2.252,2.432,2.730,2.995
195.56777,-71.54885,4923,K2 III,3.953,2.275,1.947,2.014,1.626,0.497,0.595,0.902,1.279,1.537,1.636,1.808,2.021
195.18208,56.36634,4931,F2 V,5.008,0.219,0.159,0.284,0.423,0.195,0.188,0.308,0.437,0.548,0.573,0.602,0.641
195.54416,10.95915,4932,G8 III,3.080,1.427,1.255,1.331,1.209,0.434,0.440,0.706,0.937,1.148,1.232,1.354,1.511
195.88877,-49.52726,4933,A0 V,4.860,-0.020,-0.080,0.040,0.050,0.020,0.020,0.020,,,,,
196.56960,-48.46329,4940,B5 V,4.670,-1.000,-0.920,-0.590,-0.230,-0.050,-0.060,-0.120,,,,,
196.72766,-49.90624,4942,B1.5 V,4.250,-1.300,-1.230,-0.720,-0.290,-0.060,-0.060,-0.140,,,,,
196.79471,27.62474,4954,K5 III,5.225,3.267,2.834,2.858,2.227,0.622,0.787,1.224,1.683,2.038,2.213,2.469,2.700
197.48746,-5.53901,4963,A1 V,4.407,0.032,0.037,-0.052,-0.026,0.012,0.024,0.050,0.048,0.046,0.055,0.061,0.075
198.07331,-59.92058,4975,B8 V,4.500,-0.720,-0.680,-0.400,-0.140,-0.030,-0.050,-0.060,,,,,
197.96831,27.87818,4983,G0 V,4.365,0.332,0.277,0.490,0.664,0.291,0.303,0.473,0.642,0.795,0.837,0.892,0.996
198.81225,-67.89459,4993,B8 V,4.760,-0.670,-0.620,-0.360,-0.140,-0.040,-0.080,-0.080,,,,,
199.38559,40.57261,5017,F0 II-IIIp,4.788,0.480,0.415,0.352,0.373,0.137,0.190,0.255,0.352,0.417,0.436,0.477,0.533
199.60131,-18.31120,5019,G6 V,4.925,0.664,0.568,0.795,0.850,0.326,0.365,0.581,0.837,0.991,1.041,1.128,1.282
199.73040,-23.17151,5020,G8 III,3.208,1.338,1.136,1.258,1.164,0.404,0.454,0.702,0.959,1.162,1.234,1.370,1.547
200.15760,-52.74782,5026,B5 III,5.490,-0.760,-0.710,-0.430,-0.190,-0.050,-0.040,-0.090,,,,,
200.14924,-36.71229,5028,A2 V,2.767,0.039,0.035,0.079,0.046,0.006,0.035,0.025,0.091,0.093,0.077,0.072,0.103
200.65807,-60.98839,5035,B3 V,4.490,-1.030,-0.960,-0.600,-0.220,-0.050,-0.080,-0.150,,,,,
200.98143,54.92536,5054,A2 V,2.072,0.046,0.038,0.075,0.037,0.004,0.026,0.034,0.034,0.053,0.050,0.048,0.020
201.29825,-11.16132,5056,B1 V,0.952,-1.559,-1.438,-0.937,-0.319,-0.094,-0.063,-0.113,-0.180,-0.234,-0.296,-0.454,-0.511
201.30641,54.98796,5062,A5 V,4.033,0.182,0.156,0.189,0.198,0.068,0.075,0.139,0.183,0.234,0.217,0.253,0.267
201.86318,-15.97358,5068,K1 III,5.010,1.953,1.805,1.819,1.522,0.495,0.500,0.795,1.038,1.238,1.311,1.504,1.723
202.10754,13.77879,5072,G5 V,5.172,0.666,0.559,0.776,0.886,0.349,0.352,0.577,0.788,0.963,1.029,1.106,1.227
202.42826,-23.28133,5080,gM7 e,8.920,3.340,2.330,1.290,0.957,1.578,0.977,2.706,4.311,5.982,6.567,8.485,9.191
202.76107,-39.40731,5089,G8 III,4.182,2.110,1.864,1.896,1.655,0.572,0.541,0.832,1.147,1.392,1.507,1.693,1.897
202.99119,-6.25582,5095,M2+III,5.122,3.684,3.143,3.057,2.433,0.758,0.745,1.268,1.935,2.463,2.682,3.012,3.291
203.53305,3.65896,5105,A2 p,4.938,-0.039,-0.082,0.006,0.006,-0.015,0.079,0.079,0.039,0.052,0.031,0.045,0.048
203.67394,-0.59594,5107,A3 Vn,3.380,0.151,0.125,0.176,0.131,0.064,0.067,0.102,0.023,0.087,0.104,0.124,0.182
203.69920,37.18242,5110,F2 IV,5.068,0.329,0.234,0.297,0.426,0.205,0.196,0.367,0.473,0.614,0.662,0.735,0.800
203.61358,49.01597,5112,A4 V,4.692,0.285,0.231,0.182,0.161,0.076,0.058,0.111,0.130,0.169,0.161,0.166,0.141
204.36512,36.29490,5127,A7 III,4.810,0.298,0.223,0.200,0.258,0.122,0.122,0.222,0.253,0.318,0.339,0.343,0.386
204.97191,-53.46639,5132,B1 III,2.283,-1.545,-1.364,-0.924,-0.322,-0.076,-0.087,-0.169,-0.185,-0.241,-0.297,-0.478,-0.539
205.18447,54.68164,5154,M2 III,5.057,3.615,3.088,3.063,2.433,0.769,0.754,1.276,1.944,2.436,2.631,2.961,3.171
206.81560,17.45690,5185,F7 V,4.603,0.282,0.199,0.378,0.557,0.239,0.244,0.405,0.509,0.658,0.662,0.717,0.815
207.37615,-41.68771,5190,B2 IV,3.342,-1.463,-1.329,-0.857,-0.301,-0.073,-0.081,-0.145,-0.216,-0.268,-0.334,-0.475,-0.499
206.88516,49.31327,5191,B3 V,1.829,-1.121,-1.020,-0.650,-0.220,-0.052,-0.081,-0.126,-0.177,-0.205,-0.253,-0.364,-0.449
207.40412,-42.47373,5193,B2 IV-Ve,3.429,-1.421,-1.327,-0.825,-0.243,-0.038,-0.049,-0.028,-0.150,-0.189,-0.256,-0.379,-0.442
207.36934,15.79791,5200,K5+III,4.459,3.314,2.856,2.882,2.254,0.621,0.783,1.218,1.692,2.090,2.260,2.536,2.782
207.94673,-46.89867,5206,B4 III,5.670,-1.220,-1.080,-0.680,-0.220,-0.030,-0.050,-0.080,,,,,
208.42956,-53.37332,5217,B5 V,5.960,-0.660,-0.570,-0.360,-0.020,0.060,0.040,0.070,,,,,
207.94781,34.44424,5219,gM2,5.134,3.788,3.182,3.072,2.447,0.821,0.696,1.271,2.093,2.676,2.910,3.264,3.575
208.30225,-31.92761,5221,B4 IV,4.670,-0.850,-0.740,-0.480,-0.160,-0.020,-0.030,-0.060,,,,,
207.85808,64.72327,5226,gM3,4.940,3.603,3.001,2.900,2.293,0.793,0.646,1.243,2.131,2.749,2.998,3.382,3.650
208.88494,-47.28837,5231,B2.5 IV,2.516,-1.514,-1.393,-0.866,-0.308,-0.076,-0.078,-0.139,-0.207,-0.267,-0.337,-0.484,-0.462
208.67116,18.39772,5235,G0 IV,2.807,0.549,0.480,0.577,0.703,0.272,0.301,0.492,0.627,0.786,0.823,0.867,0.982
209.56778,-42.10075,5248,B2 IV,3.730,-1.330,-1.180,-0.750,-0.260,-0.050,-0.070,-0.120,,,,,
209.66979,-44.80359,5249,B2 IV-V,3.790,-1.280,-1.140,-0.720,-0.260,-0.050,-0.070,-0.120,,,,,
210.41164,1.54453,5264,A3 III,4.233,0.323,0.248,0.155,0.103,0.064,0.052,0.109,0.140,0.167,0.181,0.229,0.228
210.95586,-60.37304,5267,B1 III,0.584,-1.607,-1.466,-0.965,-0.307,-0.093,-0.083,-0.125,-0.194,-0.247,-0.307,-0.482,-0.510
211.51153,-41.17963,5285,B2 V,4.290,-1.280,-1.090,-0.660,-0.240,-0.040,-0.080,-0.110,,,,,
211.59291,-26.68236,5287,K2 III,3.516,1.971,1.707,1.823,1.506,0.479,0.558,0.850,1.165,1.413,1.526,1.706,1.892
211.67061,-36.36995,5288,K0 III-IV,2.806,1.649,1.420,1.554,1.337,0.470,0.470,0.775,1.024,1.263,1.364,1.521,1.688
211.09729,64.37585,5291,A0 III,3.651,-0.108,-0.106,-0.168,-0.092,-0.019,-0.004,0.001,-0.063,-0.070,-0.061,-0.076,-0.104
212.23439,-59.27671,5292,B5 IV,6.340,-0.780,-0.670,-0.370,-0.020,0.050,0.060,0.110,,,,,
211.98232,43.85445,5299,M4.5 III,5.529,3.632,2.895,2.631,2.071,0.925,0.508,1.272,2.531,3.301,3.652,4.210,4.523
212.59972,25.09168,5304,F8 IV,4.908,0.352,0.260,0.403,0.613,0.282,0.252,0.437,0.548,0.713,0.741,0.815,0.914
213.06586,2.40943,5313,B9 p(Si),5.005,-0.747,-0.674,-0.442,-0.164,-0.048,-0.022,-0.042,-0.080,-0.094,-0.123,-0.190,-0.185
213.22394,-10.27370,5315,K3 III,4.536,2.662,2.280,2.373,1.886,0.583,0.660,1.045,1.395,1.710,1.841,2.086,2.331
213.73808,-57.08613,5316,B3 Ve,4.930,-0.980,-0.940,-0.640,-0.110,0.060,0.000,0.090,,,,,
213.36586,51.78785,5328,F2 V/A7 IV,4.434,0.269,0.216,0.226,0.237,0.099,0.119,0.185,0.269,0.320,0.335,0.314,0.357
215.59652,-80.10895,5336,B3 V,5.120,-0.970,-0.890,-0.570,-0.170,-0.030,-0.040,-0.040,,,,,
214.00362,-6.00055,5338,F7 III-IV,4.195,0.319,0.230,0.391,0.588,0.277,0.253,0.419,0.602,0.730,0.793,0.838,0.926
213.91530,19.18241,5340,K2 IIIp,0.243,2.403,2.023,2.091,1.702,0.557,0.614,0.978,1.321,1.615,1.749,1.978,2.169
214.04137,51.36723,5350,A7 V,4.803,0.195,0.162,0.239,0.251,0.096,0.108,0.165,0.270,0.326,0.333,0.320,0.283
214.09591,46.08831,5351,A0 p,4.182,0.104,0.102,0.135,0.111,0.041,0.015,0.050,0.114,0.124,0.135,0.151,0.164
214.85093,-46.05810,5354,B2.5 IV,3.514,-1.215,-1.120,-0.711,-0.235,-0.057,-0.069,-0.109,-0.153,-0.205,-0.241,-0.401,-0.445
214.77747,-13.37110,5359,A8 m,4.542,0.224,0.181,0.198,0.159,0.056,0.061,0.090,0.072,0.120,0.116,0.137,0.221
214.49925,35.50951,5361,K0 III,5.047,1.738,1.540,1.636,1.412,0.476,0.487,0.783,0.979,1.221,1.309,1.489,1.706
214.93848,16.30695,5370,K3 III,5.163,2.368,2.155,2.202,1.729,0.511,0.616,0.947,1.210,1.483,1.601,1.822,1.999
215.75933,-39.51182,5378,B7 IIIp,4.480,-1.280,-1.190,-0.770,-0.260,-0.050,-0.040,-0.080,,,,,
215.81369,1.24157,5384,G1 V,6.392,0.389,0.295,0.551,0.732,0.314,0.305,0.511,0.711,0.889,0.939,1.003,1.111
216.53427,-45.22143,5395,B2 IV,4.600,-1.300,-1.200,-0.800,-0.240,-0.040,-0.040,-0.060,,,,,
216.54506,-45.37928,5396,A7 + F4 IV,4.490,0.590,0.410,0.400,0.420,0.210,0.220,0.380,,,,,
216.29915,51.85074,5404,F7 V,4.166,0.263,0.178,0.369,0.572,0.252,0.258,0.424,0.530,0.666,0.710,0.745,0.835
217.05058,-2.22796,5409,G2 III,4.970,0.645,0.529,0.672,0.808,0.342,0.343,0.558,0.754,0.926,0.984,1.065,1.169
217.53596,-45.32136,5412,B8 Vn,5.570,-0.470,-0.430,-0.320,-0.140,-0.040,0.000,-0.010,,,,,
217.95746,30.37144,5429,K3 III,3.928,2.541,2.267,2.330,1.822,0.556,0.650,1.014,1.322,1.603,1.738,1.950,2.141
216.88143,75.69599,5430,K4 III,4.613,2.961,2.602,2.666,2.085,0.617,0.714,1.111,1.426,1.758,1.910,2.143,2.341
218.01947,38.30825,5435,A7 III,3.099,0.317,0.277,0.245,0.226,0.096,0.087,0.151,0.166,0.229,0.248,0.301,0.312
218.87677,-42.15783,5440,B1.5 Vn,2.339,-1.360,-1.259,-0.830,-0.286,-0.061,-0.060,-0.090,-0.161,-0.219,-0.272,-0.417,-0.473
218.67007,29.74513,5447,F2 V,4.569,0.042,0.001,0.173,0.383,0.192,0.195,0.343,0.441,0.560,0.600,0.599,0.662
219.90206,-60.83399,5459,G2 V,-0.074,0.709,0.732,0.860,0.825,0.301,0.395,0.597,0.814,0.985,1.019,1.097,1.237
220.62675,-64.97514,5463,F0 Vp,3.254,0.243,0.209,0.249,0.285,0.092,0.130,0.191,0.294,0.352,0.358,0.388,0.446
220.48232,-47.38820,5469,B1.5 III,2.353,-1.470,-1.346,-0.902,-0.306,-0.075,-0.070,-0.110,-0.151,-0.219,-0.261,-0.411,-0.407
221.96547,-79.04475,5470,K5 III,4.232,2.899,2.615,2.605,2.079,0.609,0.701,1.077,1.422,1.717,1.882,2.130,2.350
220.48996,-37.79350,5471,B3 V,4.013,-1.206,-1.112,-0.713,-0.252,-0.062,-0.056,-0.114,-0.126,-0.174,-0.232,-0.359,-0.285
220.18153,16.41832,5475,"B9 p(Mn,Hg)/A6V",4.539,-0.520,-0.479,-0.315,-0.078,-0.029,0.033,0.060,-0.018,-0.003,-0.027,-0.042,0.009
220.28712,13.72842,5477,A2 III,3.802,0.107,0.110,0.101,0.068,0.023,0.025,0.044,-0.009,0.008,-0.008,0.025,0.056
220.76509,-5.65820,5487,F3 IV,3.959,0.166,0.102,0.235,0.421,0.207,0.218,0.334,0.493,0.602,0.644,0.665,0.722
220.85568,26.52785,5490,gM3,5.172,3.655,3.101,3.024,2.453,0.808,0.731,1.290,2.084,2.646,2.869,3.230,3.481
221.31025,16.96428,5502,K0 III,4.823,1.479,1.301,1.384,1.268,0.453,0.449,0.722,0.953,1.168,1.268,1.392,1.520
221.24658,27.07493,5505,K0 II-III/A2 V,2.622,1.424,1.320,1.365,1.222,0.456,0.482,0.755,1.006,1.245,1.349,1.509,1.641
221.56219,1.89288,5511,A0 V,3.723,-0.027,-0.028,-0.061,-0.010,0.008,0.009,0.022,0.002,0.000,-0.005,-0.033,0.011
222.90960,-43.57536,5528,B5 IV,4.410,-1.080,-1.010,-0.650,-0.240,-0.070,-0.030,-0.060,,,,,
222.71964,-16.04178,5531,A3 IV,2.794,0.244,0.192,0.205,0.183,0.064,0.072,0.104,0.158,0.189,0.188,0.216,0.252
223.21281,-37.80316,5543,B6 V,5.050,-1.160,-1.090,-0.690,-0.240,-0.040,-0.050,-0.090,,,,,
222.84742,19.10047,5544,G8 V,4.747,0.662,0.569,0.839,0.906,0.318,0.418,0.677,0.888,1.084,1.149,1.247,1.375
224.18328,-62.78102,5551,B3 Vne,5.530,-0.990,-0.920,-0.630,-0.140,0.000,-0.010,0.080,,,,,
222.67636,74.15550,5563,K4 III,2.479,3.088,2.676,2.756,2.156,0.626,0.739,1.150,1.525,1.873,2.018,2.269,2.460
224.29583,-4.34646,5570,F0 IV,4.550,0.237,0.173,0.232,0.348,0.160,0.168,0.285,0.367,0.453,0.463,0.491,0.575
224.63302,-43.13396,5571,B2 III,2.713,-1.453,-1.363,-0.905,-0.345,-0.074,-0.074,-0.122,-0.171,-0.233,-0.285,-0.445,-0.459
224.79035,-42.10420,5576,B2 IV,3.160,-1.343,-1.244,-0.813,-0.289,-0.078,-0.072,-0.121,-0.164,-0.229,-0.277,-0.426,-0.451
225.24313,-8.51895,5586,B9.5 V,4.941,-0.136,-0.133,-0.123,-0.025,0.018,0.030,0.056,0.082,0.106,0.093,0.359,0.023
224.39586,65.93246,5589,M5 III,4.982,3.628,2.872,2.657,2.076,0.941,0.499,1.272,2.470,3.251,3.547,4.096,4.407
225.74698,-32.64329,5595,B3 V,5.480,-1.040,-0.920,-0.590,-0.190,-0.030,-0.050,-0.070,,,,,
225.52712,25.00814,5600,K4 III,5.221,3.183,2.806,2.829,2.224,0.629,0.785,1.210,1.663,2.027,2.175,2.438,2.663
225.72516,2.09130,5601,K0 III,4.589,1.699,1.463,1.571,1.387,0.492,0.489,0.790,1.038,1.302,1.412,1.583,1.738
225.48651,40.39057,5602,G8 III,3.725,1.492,1.302,1.329,1.244,0.454,0.433,0.715,0.930,1.162,1.258,1.388,1.503
226.01757,-25.28196,5603,M4 III,3.681,3.775,3.185,3.022,2.390,0.798,0.730,1.310,2.177,2.744,2.998,3.399,3.670
226.11143,26.94765,5616,K2 III,4.821,2.415,2.113,2.176,1.773,0.559,0.615,0.977,1.223,1.509,1.640,1.850,2.079
227.16332,-42.86792,5625,B7 V,6.060,-0.820,-0.740,-0.490,-0.200,-0.050,-0.030,-0.040,,,,,
227.21090,-45.27986,5626,B3 V,4.110,-1.190,-1.120,-0.720,-0.250,-0.060,-0.050,-0.090,,,,,
226.82528,24.86919,5634,F5 V,5.012,0.158,0.105,0.282,0.497,0.227,0.223,0.388,0.525,0.642,0.682,0.708,0.733
228.07123,-52.09925,5649,G8 III,3.616,1.340,1.122,1.259,1.164,0.406,0.449,0.707,0.943,1.150,1.247,1.376,1.562
228.20661,-44.50041,5651,B3 IV,4.850,-1.220,-1.120,-0.730,-0.250,-0.060,-0.060,-0.090,,,,,
228.05538,-19.79171,5652,B9 IV(Si),4.564,-0.590,-0.556,-0.387,-0.126,-0.027,0.008,-0.007,-0.024,-0.048,-0.056,-0.110,-0.130
229.72742,-68.67955,5671,A0 V,2.938,0.136,0.105,-0.102,-0.024,0.044,0.048,0.056,0.096,0.100,0.117,0.132,0.160
228.87568,33.31483,5681,G8 III,3.725,1.429,1.213,1.336,1.222,0.466,0.438,0.727,0.974,1.224,1.329,1.476,1.618
229.25172,-9.38291,5685,B8 V,2.605,-0.570,-0.524,-0.463,-0.163,-0.034,-0.026,-0.044,-0.069,-0.086,-0.091,-0.148,-0.163
230.34301,-40.64752,5695,B1.5 IV,3.237,-1.485,-1.361,-0.914,-0.313,-0.098,-0.075,-0.122,-0.159,-0.229,-0.283,-0.439,-0.455
230.45154,-36.26138,5705,K5 III,3.993,3.212,2.848,2.817,2.210,0.640,0.794,1.244,1.711,2.073,2.230,2.504,2.762
230.67028,-44.68962,5708,B2 IV-V,3.366,-1.286,-1.180,-0.762,-0.264,-0.064,-0.075,-0.115,-0.200,-0.238,-0.293,-0.432,-0.458
230.78896,-36.85849,5712,B4 V,4.590,-1.110,-1.020,-0.660,-0.240,-0.060,-0.050,-0.080,,,,,
231.12262,37.37715,5733,F0 IV,4.391,0.261,0.192,0.255,0.349,0.151,0.164,0.273,0.362,0.434,0.456,0.492,0.510
230.18215,71.83402,5735,A3 II-III,3.065,0.407,0.335,-0.062,0.026,0.043,0.051,0.102,0.138,0.177,0.227,0.268,0.200
231.82554,-36.76756,5736,B5 V,5.470,-0.960,-0.880,-0.550,-0.220,-0.040,-0.030,-0.070,,,,,
231.23239,58.96606,5744,K2 III,3.613,2.191,1.970,2.004,1.617,0.501,0.594,0.912,1.177,1.430,1.549,1.722,1.888
231.95721,29.10570,5747,F0 p,3.738,0.289,0.226,0.327,0.358,0.118,0.145,0.208,0.181,0.227,0.218,0.241,0.326
232.73233,40.83305,5763,K5 III,5.480,3.399,2.876,2.912,2.350,0.717,0.796,1.250,1.747,2.156,2.327,2.633,2.864
233.23009,-16.85285,5764,B2 Vnn,5.512,-1.248,-1.134,-0.738,-0.208,-0.038,-0.040,-0.046,-0.118,-0.173,-0.192,-0.302,-0.381
232.94576,40.89934,5774,A5 V,5.024,0.315,0.247,0.113,0.083,0.039,0.056,0.082,0.118,0.155,0.164,0.217,0.219
233.78520,-41.16676,5776,B2 IV,2.796,-1.406,-1.290,-0.855,-0.298,-0.066,-0.083,-0.113,-0.156,-0.225,-0.278,-0.420,-0.403
233.54459,-10.06453,5777,K1 IV,4.864,1.617,1.414,1.561,1.331,0.447,0.494,0.790,1.004,1.216,1.321,1.485,1.720
233.23243,31.35913,5778,B6 V nn,4.144,-0.887,-0.826,-0.552,-0.182,-0.027,-0.041,-0.066,-0.135,-0.169,-0.205,-0.248,-0.227
233.61048,-9.18342,5780,B7 IV,5.145,-0.804,-0.730,-0.469,-0.134,-0.026,-0.020,-0.046,-0.056,-0.077,-0.126,-0.166,-0.200
233.97187,-44.95839,5781,B3 IVp,4.566,-1.201,-1.101,-0.701,-0.245,-0.058,-0.066,-0.109,-0.193,-0.241,-0.290,-0.421,-0.450
233.88158,-14.78954,5787,G8 III-IV,4.140,1.528,1.300,1.441,1.303,0.469,0.469,0.772,1.025,1.255,1.365,1.523,1.718
233.70059,10.53862,5788,F0 IV,3.840,0.302,0.246,0.250,0.286,0.111,0.135,0.211,0.244,0.296,0.323,0.358,0.449
233.67195,26.71469,5793,A0 V,2.223,-0.060,-0.046,-0.058,-0.041,-0.014,0.000,-0.010,-0.011,-0.012,-0.016,-0.008,-0.026
234.25604,-28.13508,5794,K5 III,3.923,2.752,2.403,2.472,1.931,0.578,0.703,1.072,1.428,1.741,1.884,2.125,2.353
234.36875,-26.27986,5801,B8 V,6.220,-0.730,-0.720,-0.440,-0.070,0.020,0.010,0.020,,,,,
234.66404,-29.77775,5812,B2.5 V,3.620,-1.200,-1.114,-0.710,-0.241,-0.050,-0.075,-0.133,-0.153,-0.201,-0.236,-0.362,-0.412
235.29740,-44.66121,5825,F5 IV-V,4.733,0.122,0.089,0.239,0.433,0.198,0.202,0.342,,,,,
235.48666,-19.67883,5838,K5 III,5.186,3.399,2.945,2.949,2.306,0.660,0.800,1.289,1.790,2.199,2.378,2.689,2.976
235.67093,-34.71041,5839,B5 V,4.740,-0.980,-0.900,-0.560,-0.200,-0.050,-0.030,-0.060,,,,,
235.38773,19.67040,5842,A1 V,4.546,0.098,0.092,0.108,0.060,0.020,0.034,0.043,0.052,0.063,0.060,0.071,0.098
235.68569,26.29563,5849,A0 IV,3.840,-0.033,-0.032,-0.011,-0.002,0.000,0.026,0.020,-0.016,-0.012,-0.033,-0.022,-0.017
236.06698,6.42563,5854,K2 III,2.930,2.210,2.013,2.054,1.639,0.501,0.572,0.879,1.142,1.392,1.510,1.691,1.873
236.34785,5.44731,5859,A0 V,5.580,0.092,0.057,0.038,0.017,0.014,0.018,0.042,0.006,0.017,0.025,0.043,0.014
236.54689,15.42183,5867,A2 IV,3.696,0.192,0.171,0.101,0.084,0.024,0.044,0.065,0.031,0.059,0.067,0.104,0.124
236.61089,7.35307,5868,G0 V,4.551,0.423,0.322,0.536,0.686,0.292,0.299,0.506,0.619,0.783,0.831,0.900,1.009
237.52952,-53.20977,5869,B8 V,5.920,-0.440,-0.360,-0.220,-0.110,-0.020,0.030,0.070,,,,,
237.18490,18.14156,5879,M1 III,4.521,3.535,3.017,3.014,2.389,0.702,0.801,1.289,1.851,2.296,2.493,2.817,3.055
237.40503,-3.43020,5881,A0 V,3.561,-0.185,-0.164,-0.132,-0.056,-0.007,-0.001,0.007,-0.035,-0.032,-0.035,-0.058,-0.081
237.73974,-33.62717,5883,A0 III-IV,4.010,-0.250,-0.200,-0.150,-0.070,-0.020,-0.020,-0.030,,,,,
237.74477,-25.75130,5885,B1.5 Vn,4.640,-1.090,-1.000,-0.540,-0.100,-0.010,0.010,0.000,,,,,
237.39853,26.06839,5889,G5 III-IV,4.820,0.900,0.724,0.889,0.965,0.380,0.390,0.627,0.807,1.005,1.073,1.182,1.313
237.70403,4.47773,5892,A2 m,3.760,0.202,0.154,0.216,0.195,0.042,0.081,0.123,0.100,0.135,0.135,0.164,0.186
238.78568,-63.43073,5897,F2 IV,2.889,0.220,0.154,0.219,0.317,0.143,0.147,0.238,0.366,0.451,0.476,0.490,0.638
237.81629,20.97792,5899,K5 III,5.167,3.310,2.875,2.916,2.268,0.644,0.790,1.224,1.689,2.075,2.245,2.534,2.739
237.80805,35.65738,5901,K0 III-IV,5.010,1.634,1.420,1.538,1.323,0.436,0.507,0.786,1.026,1.263,1.366,1.510,1.649
238.33356,-20.16706,5902,B3 V,5.035,-0.915,-0.843,-0.488,-0.073,-0.001,0.030,0.045,0.040,0.054,0.040,0.007,0.002
236.01466,77.79449,5903,A3 V,4.268,0.228,0.172,0.027,0.031,0.042,0.002,0.035,0.073,0.107,0.113,0.131,0.136
238.40299,-25.32714,5904,B2.5 Vn,4.570,-1.040,-0.950,-0.580,-0.120,0.010,-0.020,-0.050,,,,,
238.47465,-24.53316,5906,B6 V,5.360,-0.670,-0.640,-0.360,-0.040,0.030,0.020,0.020,,,,,
238.48277,-23.97810,5907,B2 Vnn,5.370,-0.970,-0.890,-0.540,-0.080,0.030,0.000,0.000,,,,,
238.45641,-16.72929,5908,K0 III-IV,4.367,1.632,1.403,1.517,1.333,0.481,0.494,0.793,1.050,1.272,1.379,1.537,1.720
238.62546,-27.33864,5910,B7 V,6.120,-0.750,-0.670,-0.440,-0.100,0.000,-0.050,-0.070,,,,,
238.66471,-25.24374,5912,B8 IIIp,5.860,-0.960,-0.910,-0.550,-0.130,-0.020,0.010,-0.010,,,,,
238.16892,42.45152,5914,F9 V,4.718,0.282,0.182,0.404,0.631,0.295,0.288,0.483,0.654,0.813,0.859,0.931,1.048
238.75152,-19.38292,5915,B5 V,5.943,-0.828,-0.765,-0.439,-0.054,0.019,0.026,0.035,0.096,0.077,0.079,0.039,0.177
239.22115,-29.21407,5928,B2 IV-V,3.792,-1.332,-1.221,-0.786,-0.254,-0.046,-0.104,-0.138,-0.183,-0.245,-0.291,-0.431,-0.516
239.11326,15.66162,5933,F6 V,3.965,0.192,0.112,0.295,0.519,0.231,0.259,0.432,0.593,0.729,0.769,0.803,0.857
239.41860,-20.98308,5934,B3 V,5.840,-0.730,-0.640,-0.340,0.010,0.050,0.000,0.030,,,,,
239.54737,-14.27936,5941,B5 IIIp,4.946,-0.394,-0.289,-0.496,-0.119,0.024,-0.032,0.014,-0.053,-0.044,-0.003,-0.038,-0.053
239.64528,-24.83149,5942,B5 IV,5.510,-1.050,-0.920,-0.600,-0.140,-0.010,-0.020,-0.030,,,,,
239.71297,-26.11411,5944,B1 V + B2,2.880,-1.457,-1.346,-0.852,-0.247,-0.049,-0.072,-0.106,-0.116,-0.164,-0.221,-0.373,-0.399
239.39688,26.87788,5947,K3 III,4.458,2.317,2.027,2.112,1.710,0.543,0.597,0.947,1.248,1.519,1.650,1.860,2.040
240.03053,-38.39671,5948,B2.5 IV,3.409,-1.439,-1.312,-0.854,-0.294,-0.067,-0.076,-0.119,-0.230,-0.280,-0.327,-0.494,-0.473
240.08336,-22.62171,5953,B0.5 IV,2.306,-1.446,-1.336,-0.828,-0.197,-0.010,-0.030,-0.044,-0.027,-0.064,-0.097,-0.218,-0.232
239.44767,54.74976,5960,F0 IV,5.048,0.230,0.181,0.233,0.309,0.132,0.138,0.221,0.331,0.399,0.425,0.442,0.449
240.85079,-38.60254,5967,B6 IV,4.950,-1.020,-0.900,-0.580,-0.190,-0.040,-0.020,-0.040,,,,,
240.36069,29.85106,5971,A0 II-IIIp,4.975,-0.334,-0.290,-0.247,-0.091,-0.014,-0.008,-0.028,-0.038,-0.029,-0.044,-0.077,-0.136
240.57372,22.80445,5972,A3 V,4.847,0.131,0.114,0.134,0.088,0.027,0.039,0.053,0.049,0.072,0.061,0.083,0.068
241.09228,-11.37305,5977,F5 IV,4.227,0.294,0.231,0.329,0.525,0.237,0.230,0.358,0.508,0.638,0.659,0.607,0.829
240.69957,46.03670,5982,B9 III.,4.713,-0.537,-0.508,-0.397,-0.152,-0.024,-0.017,-0.039,-0.084,-0.098,-0.114,-0.165,-0.201
241.35930,-19.80545,5984,B0.5 V,2.523,-1.303,-1.198,-0.750,-0.143,0.018,-0.021,-0.011,-0.064,-0.070,-0.107,-0.197,-0.201
240.47228,58.56525,5986,F8 IV-V,4.131,0.398,0.303,0.439,0.604,0.260,0.262,0.436,0.566,0.713,0.755,0.809,0.857
241.64811,-36.80230,5987,B2.5 Vn,4.300,-1.210,-1.090,-0.740,-0.260,-0.060,-0.040,-0.070,,,,,
241.52657,-23.60631,5988,B8 p,5.880,-0.940,-0.850,-0.530,-0.140,-0.020,-0.020,-0.020,,,,,
241.70178,-20.66919,5993,B1 V,3.960,-1.248,-1.160,-0.695,-0.107,0.034,0.000,0.010,-0.005,-0.007,-0.031,-0.107,-0.070
241.85137,-20.86876,5997,gG2,4.496,1.184,0.970,1.050,1.055,0.413,0.389,0.637,0.820,1.027,1.098,1.223,1.377
241.96620,-24.46235,5998,B7 IIIp,6.290,-0.800,-0.720,-0.450,-0.090,0.010,-0.020,-0.030,,,,,
242.18217,-23.68542,6003,B9 V,5.850,-0.490,-0.440,-0.230,0.000,0.040,0.000,0.020,,,,,
242.24292,36.49094,6018,K0 III,4.972,1.619,1.443,1.545,1.334,0.443,0.499,0.803,1.031,1.257,1.345,1.510,1.691
242.19241,44.93491,6023,B9 p,4.249,-0.417,-0.392,-0.284,-0.097,-0.018,-0.011,-0.012,-0.023,-0.026,-0.041,-0.065,-0.135
242.99890,-19.46070,6027,B2 V,4.010,-0.979,-0.916,-0.528,-0.021,0.059,0.057,0.101,0.135,0.171,0.179,0.175,0.210
243.07585,-27.92637,6028,B2 V,4.530,-1.230,-1.120,-0.720,-0.210,-0.030,-0.080,-0.100,,,,,
243.85946,-63.68568,6030,G2 II,4.066,1.825,1.577,1.619,1.502,0.530,0.486,0.788,1.042,1.265,1.396,1.559,1.733
242.99995,-10.06424,6031,A2 V,4.958,0.170,0.150,0.157,0.095,0.030,0.061,0.080,0.137,0.142,0.153,0.152,0.262
243.43958,-24.42209,6042,B7 IV,6.410,-0.690,-0.620,-0.350,0.000,0.040,0.040,0.100,,,,,
243.72263,-25.47697,6054,B8 IV,6.070,-0.570,-0.510,-0.290,0.010,0.050,0.040,0.080,,,,,
243.58641,-3.69432,6056,M0.5 III,3.142,3.499,2.992,2.993,2.353,0.693,0.782,1.243,1.868,2.313,2.515,2.823,3.055
244.24486,-21.30413,6066,B9 V,6.610,-0.260,-0.240,-0.120,-0.010,0.030,0.030,0.050,,,,,
244.58037,-4.69251,6075,G9 III,3.463,1.494,1.289,1.384,1.258,0.455,0.456,0.739,0.992,1.221,1.329,1.474,1.641
245.15909,-24.16932,6081,A5 II,4.750,1.950,1.710,0.990,0.850,0.460,0.460,0.830,,,,,
245.61665,-49.57235,6083,B6 IV,5.420,-0.680,-0.590,-0.410,-0.100,0.010,0.010,0.030,,,,,
245.29715,-25.59279,6084,B1 III,2.928,-0.987,-0.916,-0.468,0.086,0.116,0.104,0.210,0.295,0.365,0.388,0.385,0.439
244.93515,46.31336,6092,B5 IV,3.895,-0.973,-0.890,-0.597,-0.209,-0.053,-0.047,-0.073,-0.135,-0.162,-0.203,-0.286,-0.322
245.51811,1.02904,6093,F0 V,4.909,0.216,0.192,0.255,0.376,0.169,0.192,0.313,0.419,0.507,0.535,0.567,0.632
245.48006,19.15313,6095,A9 III,3.835,0.472,0.404,0.320,0.301,0.118,0.161,0.250,0.373,0.453,0.477,0.551,0.557
248.36285,-78.89715,6102,K0 IV,4.095,1.348,1.130,1.256,1.144,0.393,0.450,0.714,0.960,1.162,1.253,1.386,1.539
245.52427,30.89200,6103,K0 III,5.085,1.576,1.405,1.459,1.279,0.436,0.468,0.734,0.977,1.188,1.281,1.427,1.573
246.02577,-20.03733,6104,K0 III,4.729,1.591,1.409,1.526,1.335,0.465,0.485,0.771,0.929,1.146,1.252,1.404,1.664
246.35398,14.03327,6117,A1 p,4.626,-0.027,-0.046,-0.049,-0.033,-0.021,0.039,0.059,0.033,0.083,0.121,0.046,-0.038
246.75598,-18.45625,6118,B2 Ve,4.588,-0.951,-0.961,-0.429,0.161,0.193,0.150,0.370,0.422,0.586,0.560,0.542,0.622
246.95078,-8.37173,6129,A3 m,4.672,0.189,0.148,0.218,0.211,0.076,0.101,0.141,0.207,0.255,0.259,0.277,0.341
245.99786,61.51421,6132,G8 III,2.948,1.385,1.165,1.265,1.170,0.430,0.424,0.705,0.855,1.085,1.198,1.350,1.436
247.35192,-26.43200,6134,M1.5 Iab,1.461,2.529,2.456,2.543,2.407,0.933,0.894,1.468,2.259,2.808,3.059,3.535,3.852
247.55198,-25.11522,6141,B2 V,4.770,-1.200,-1.080,-0.690,-0.190,-0.020,-0.030,-0.050,,,,,
247.84555,-34.70437,6143,B2 III,4.330,-1.340,-1.230,-0.800,-0.240,-0.060,-0.030,-0.050,,,,,
247.16062,41.88168,6146,M6-III,5.304,3.787,2.702,2.179,1.570,1.185,0.477,1.536,3.125,4.098,4.487,5.381,5.726
247.78486,-16.61273,6147,G8 III,4.466,1.420,1.257,1.321,1.207,0.435,0.418,0.682,0.831,1.025,1.117,1.244,1.450
247.55500,21.48961,6148,G8 III,2.996,1.388,1.217,1.303,1.212,0.449,0.417,0.684,0.882,1.089,1.190,1.340,1.467
247.72843,1.98392,6149,A1 V,3.821,0.030,0.021,0.040,0.029,0.011,0.027,0.041,0.052,0.060,0.061,0.072,0.062
248.15122,11.48804,6159,K5 III,5.252,3.216,2.761,2.809,2.175,0.612,0.778,1.214,1.640,2.011,2.180,2.459,2.708
246.99589,68.76814,6161,B9 IV,4.964,-0.147,-0.133,-0.199,-0.090,-0.023,-0.003,-0.015,-0.059,-0.049,-0.054,-0.040,-0.135
248.97064,-28.21602,6165,B0 V,2.792,-1.630,-1.524,-0.962,-0.333,-0.032,-0.064,-0.133,-0.236,-0.302,-0.344,-0.498,-0.501
248.52576,42.43704,6168,B9 V,4.225,-0.061,-0.068,-0.158,-0.045,0.010,0.008,0.014,0.000,0.003,0.007,0.005,-0.067
249.60955,-43.39842,6174,B3 IV,5.900,-0.950,-0.850,-0.520,-0.090,0.010,0.030,0.050,,,,,
249.28975,-10.56709,6175,O9.5 V,2.587,-1.247,-1.177,-0.698,-0.060,0.063,0.029,0.080,0.060,0.087,0.061,-0.020,-0.026
250.32150,31.60272,6212,G0 IV,2.941,0.549,0.449,0.630,0.761,0.287,0.343,0.545,0.703,0.862,0.924,1.000,1.090
252.16623,-69.02771,6217,K4 III,2.287,2.864,2.546,2.543,2.093,0.648,0.698,1.058,1.416,1.713,1.857,2.098,2.353
250.72402,38.92225,6220,G7 III-IV,3.725,1.268,1.096,1.222,1.151,0.426,0.418,0.702,0.907,1.116,1.210,1.351,1.482
252.44649,-59.04138,6229,K5 III,4.199,3.393,2.953,2.920,2.296,0.644,0.828,1.247,1.811,2.203,2.364,2.650,2.873
251.32423,56.78185,6237,F2 V,4.997,0.162,0.099,0.222,0.407,0.202,0.196,0.338,0.440,0.548,0.585,0.623,0.609
252.54088,-34.29323,6241,K2 III-IV,2.582,2.146,1.846,1.991,1.545,0.513,0.576,0.862,1.083,1.346,1.465,1.666,1.885
252.45840,-10.78299,6243,F5 IV-V,4.781,0.371,0.276,0.377,0.552,0.234,0.243,0.410,0.544,0.657,0.694,0.761,0.881
252.89051,-41.23054,6245,O8 Iaf,5.345,-1.240,-1.175,-0.652,0.006,0.045,0.124,0.206,0.279,0.320,0.329,0.294,0.360
252.96763,-38.04738,6247,B1.5 IV,3.006,-1.438,-1.323,-0.836,-0.295,-0.090,-0.030,-0.065,-0.090,-0.159,-0.207,-0.338,-0.338
253.08394,-38.01753,6252,B2 IV,3.564,-1.424,-1.283,-0.820,-0.260,-0.065,-0.040,-0.066,-0.150,-0.214,-0.290,-0.415,-0.510
252.30924,45.98332,6254,A2 p,4.875,0.094,0.064,0.121,0.103,0.015,0.062,0.093,0.065,0.085,0.081,0.083,0.088
253.64585,-42.36132,6271,K5 III,4.025,2.832,2.546,2.572,2.004,0.549,0.747,1.102,1.508,1.812,1.948,2.177,2.420
253.50196,10.16536,6281,B8 IV,4.374,-0.564,-0.512,-0.368,-0.149,-0.027,-0.025,-0.045,-0.067,-0.094,-0.115,-0.145,-0.228
254.65505,-55.99014,6285,K5 III,3.557,3.389,3.019,2.960,2.398,0.707,0.825,1.253,1.698,2.061,2.223,2.549,2.785
254.41707,9.37503,6299,K2 III,3.494,2.101,1.913,1.970,1.588,0.496,0.564,0.882,1.167,1.400,1.520,1.688,1.842
254.00704,65.13480,6315,F6 V,5.015,0.176,0.099,0.317,0.549,0.255,0.257,0.433,0.462,0.697,0.708,0.796,0.844
256.10300,-57.71217,6320,B5 V,5.780,-0.930,-0.790,-0.500,-0.150,-0.030,0.040,0.050,,,,,
251.49267,82.03726,6322,G5 III,4.413,1.219,1.029,1.133,1.135,0.440,0.414,0.686,0.902,1.110,1.201,1.325,1.441
255.07239,30.92640,6324,B9.5 V,3.938,-0.210,-0.181,-0.111,-0.044,-0.012,0.014,0.016,0.010,0.007,-0.009,-0.021,-0.025
255.78280,14.09195,6337,M3 III,5.398,3.589,3.040,2.970,2.345,0.740,0.732,1.282,2.102,2.658,2.875,3.251,3.527
256.34454,12.74082,6355,A3 IV,4.940,0.188,0.163,0.198,0.153,0.049,0.067,0.110,0.117,0.155,0.150,0.177,0.167
257.59453,-15.72491,6378,A2.5 V,2.466,0.182,0.169,0.129,0.071,0.051,0.042,0.061,0.051,0.070,0.063,0.070,0.091
258.03832,-43.23919,6380,F0 IVn,3.438,0.463,0.290,0.355,0.435,0.227,0.230,0.334,0.477,0.573,0.612,0.663,0.750
257.19665,65.71468,6396,B6 III,3.179,-0.702,-0.666,-0.519,-0.180,-0.050,-0.021,-0.026,-0.067,-0.079,-0.097,-0.154,-0.199
258.66189,14.39037,6406,M5 II + G5 III,3.383,2.646,2.167,1.951,1.548,0.987,0.484,1.398,2.796,3.695,4.067,4.807,5.194
258.75796,24.83921,6410,A3 IV,3.165,0.149,0.109,0.098,0.079,0.035,0.068,0.093,0.135,0.162,0.164,0.199,0.158
259.15286,-0.44532,6415,K2 III,5.036,2.043,1.845,1.907,1.566,0.496,0.577,0.882,1.169,1.403,1.524,1.706,1.872
258.76181,36.80916,6418,K3 II,3.539,2.968,2.609,2.631,2.090,0.625,0.710,1.100,1.424,1.730,1.882,2.123,2.343
259.58546,-32.55311,6422,B6 IVe,6.520,-0.450,-0.350,-0.270,0.080,0.110,0.220,0.240,,,,,
259.33153,33.10010,6431,B1.5 Vp,4.969,-1.143,-1.050,-0.683,-0.214,-0.045,-0.076,-0.090,-0.180,-0.211,-0.259,-0.360,-0.368
259.41773,37.29150,6436,A2 V,4.600,0.032,0.046,0.027,0.026,0.009,0.032,0.043,0.051,0.050,0.053,0.063,0.059
260.20692,-12.84688,6446,A1 V,4.348,0.084,0.095,0.050,0.018,0.019,0.027,0.025,0.039,0.049,-0.002,0.038,0.057
260.50241,-24.99955,6453,B2 IV,3.234,-1.364,-1.279,-0.814,-0.286,-0.038,-0.056,-0.140,-0.173,-0.213,-0.227,-0.423,-0.392
261.32495,-55.52989,6461,K3 Ib,3.206,3.274,2.953,2.878,2.146,0.694,0.718,1.085,1.427,1.717,1.863,2.128,2.343
261.34858,-56.37773,6462,B1 Ib,3.321,-1.479,-1.388,-0.873,-0.230,-0.020,-0.028,-0.043,-0.083,-0.106,-0.150,-0.299,-0.314
260.91966,37.14679,6484,A0 p/A0 IV,4.178,-0.007,-0.029,-0.117,-0.056,-0.005,0.014,0.028,0.024,0.032,0.027,0.037,0.030
261.65784,-5.08660,6493,F3 V,4.601,0.195,0.122,0.250,0.419,0.215,0.188,0.327,0.426,0.507,0.559,0.595,0.717
261.62867,4.14036,6498,K3 II,4.724,2.980,2.660,2.646,2.168,0.708,0.725,1.137,1.495,1.812,1.985,2.253,2.477
262.77464,-60.68385,6500,B7 Vn,3.844,-0.760,-0.746,-0.634,-0.386,-0.273,0.217,0.199,0.167,0.147,0.145,0.085,0.093
262.69099,-37.29581,6508,B2 IV,2.674,-1.372,-1.296,-0.806,-0.312,-0.060,-0.062,-0.123,-0.214,-0.264,-0.318,-0.461,-0.536
262.96038,-49.87614,6510,B2 Vne,2.858,-1.305,-1.256,-0.736,-0.213,-0.047,0.002,0.084,0.095,0.145,0.053,-0.097,0.007
262.68463,26.11064,6526,K4 III,4.797,2.965,2.606,2.659,2.093,0.617,0.712,1.110,1.455,1.758,1.908,2.157,2.377
263.40217,-37.10382,6527,B1.5 IV,1.599,-1.405,-1.346,-0.848,-0.320,-0.047,-0.078,-0.134,-0.235,-0.289,-0.350,-0.491,-0.497
262.60817,52.30139,6536,G2 II,3.029,1.403,1.186,1.220,1.228,0.474,0.455,0.734,0.931,1.170,1.241,1.386,1.521
264.32971,-42.99783,6553,F0 Ib,1.961,0.721,0.562,0.335,0.415,0.164,0.262,0.401,0.483,0.586,0.654,0.719,0.817
263.04404,55.18424,6554,A4 m,4.965,0.199,0.155,0.223,0.288,0.126,0.124,0.219,0.286,0.350,0.379,0.413,0.389
263.06677,55.17296,6555,A4 m,4.946,0.263,0.218,0.286,0.353,0.140,0.139,0.234,0.300,0.371,0.396,0.415,0.447
263.73362,12.56004,6556,A5 III,2.129,0.278,0.225,0.203,0.188,0.071,0.081,0.130,0.163,0.209,0.225,0.264,0.276
264.39667,-15.39855,6561,F0 IV,3.605,0.338,0.273,0.262,0.310,0.114,0.153,0.220,0.335,0.397,0.414,0.446,0.475
264.46130,-8.11877,6567,B8 V,4.656,-0.179,-0.171,-0.172,0.082,0.098,0.087,0.162,0.188,0.246,0.286,0.341,0.395
265.62198,-39.02998,6580,B1.5 III,2.385,-1.422,-1.359,-0.877,-0.323,-0.060,-0.063,-0.134,-0.250,-0.291,-0.341,-0.482,-0.482
265.35364,-12.87531,6581,A2 V,4.266,0.203,0.187,0.149,0.094,0.044,0.038,0.064,0.104,0.115,0.108,0.125,0.159
266.43328,-64.72387,6582,K1 III,3.864,2.190,1.917,1.989,1.666,0.546,0.561,0.875,1.148,1.388,1.518,1.703,1.871
264.86619,46.00633,6588,B3 V,3.792,-1.173,-1.066,-0.723,-0.247,-0.055,-0.066,-0.092,-0.156,-0.189,-0.225,-0.328,-0.392
264.23789,68.75797,6596,F5 V,4.890,0.187,0.126,0.301,0.493,0.229,0.227,0.378,0.538,0.649,0.668,0.719,0.761
265.86814,4.56730,6603,K2 III,3.061,2.192,1.999,2.045,1.632,0.500,0.573,0.896,1.148,1.397,1.512,1.693,1.871
266.89617,-40.12700,6615,F2 Ia,3.135,1.450,1.064,0.542,0.540,0.307,0.263,0.416,0.568,0.694,0.877,0.986,1.101
267.11598,-26.97494,6621,B3 IV,6.330,-0.610,-0.540,-0.320,0.070,0.110,0.110,0.200,,,,,
266.61469,27.72068,6623,G5 IV,3.611,0.819,0.726,0.898,0.902,0.329,0.362,0.590,0.759,0.947,0.997,1.089,1.195
266.97317,2.70728,6629,A0 V,3.751,0.062,0.055,0.072,0.046,0.013,0.007,0.016,0.034,0.041,0.035,0.053,0.045
267.46450,-37.04330,6630,K1 III,3.494,2.179,1.885,2.011,1.626,0.502,0.610,0.938,1.233,1.475,1.616,1.807,2.010
265.48481,72.14885,6636,F5 IV-V,4.693,0.205,0.147,0.283,0.467,0.208,0.242,0.390,0.483,0.570,0.645,0.751,0.803
268.85495,26.04999,6685,F2 Ia,5.545,1.089,0.801,0.267,0.387,0.215,0.176,0.321,0.393,0.491,0.607,0.583,0.583
268.38221,56.87264,6688,K2 III,4.045,2.175,1.962,2.025,1.614,0.499,0.585,0.914,1.180,1.464,1.588,1.772,1.951
269.06325,37.25054,6695,K1 II,4.180,2.632,2.369,2.355,1.949,0.636,0.617,0.958,1.219,1.486,1.620,1.834,2.015
269.75663,-9.77363,6698,G9 III,3.553,1.689,1.507,1.558,1.340,0.457,0.457,0.745,0.951,1.163,1.251,1.403,1.571
269.44119,29.24788,6703,G9 III,3.944,1.410,1.246,1.325,1.209,0.431,0.445,0.724,0.952,1.165,1.256,1.383,1.509
269.15154,51.48890,6705,K5 III,2.662,3.275,2.838,2.885,2.255,0.639,0.778,1.218,1.675,2.057,2.221,2.506,2.725
269.62562,30.18927,6707,F2 II,4.519,0.548,0.447,0.288,0.395,0.190,0.206,0.368,0.504,0.632,0.681,0.750,0.826
270.12088,-3.69027,6710,F3 V,4.719,0.209,0.122,0.253,0.426,0.195,0.208,0.353,0.449,0.548,0.558,0.593,0.673
270.06583,4.36862,6712,B2 Ve,4.597,-1.224,-1.154,-0.672,-0.102,0.021,0.034,0.128,0.146,0.217,0.138,0.041,0.100
270.01423,16.75092,6713,K0 II-III,4.950,2.306,2.059,2.072,1.738,0.591,0.570,0.902,1.198,1.461,1.587,1.783,1.967
270.16132,2.93156,6714,B5 Ib,4.000,-0.861,-0.814,-0.564,-0.042,0.073,0.051,0.094,0.086,0.097,0.112,0.057,0.094
270.43833,1.30508,6723,A1 V,4.479,0.048,0.045,-0.015,0.014,0.022,0.048,0.070,0.080,0.078,0.091,0.115,0.146
271.65780,-50.09148,6743,B2 Ib,3.668,-1.283,-1.243,-0.757,-0.212,0.021,0.012,-0.017,-0.010,-0.023,-0.072,-0.211,-0.141
271.45203,-30.42409,6746,K0 III,3.228,1.150,3.566,1.599,1.346,0.500,0.488,0.818,0.998,1.215,1.311,1.473,1.627
271.36369,2.50010,6752,K0 V,4.266,0.988,0.897,1.142,1.069,0.349,0.478,0.753,1.001,1.216,1.301,1.428,1.593
271.82650,8.73387,6770,G8 III-IV,4.862,1.501,1.332,1.409,1.269,0.469,0.433,0.703,0.906,1.114,1.212,1.339,1.516
271.83743,9.56385,6771,A4 V,3.782,0.187,0.157,0.182,0.149,0.041,0.076,0.120,0.161,0.194,0.198,0.225,0.195
271.88563,28.76249,6779,B9.5 III,3.821,-0.010,0.011,-0.150,-0.046,0.009,-0.014,-0.006,0.009,0.021,0.029,0.042,0.040
272.18955,20.81456,6787,B2 V,4.353,-1.315,-1.194,-0.809,-0.246,-0.039,-0.061,-0.093,-0.103,-0.150,-0.228,-0.301,-0.384
263.05415,86.58646,6789,A1 V,4.393,0.089,0.074,0.036,0.011,0.008,0.025,0.016,0.066,0.082,0.078,0.077,0.005
273.44087,-21.05883,6812,B8 Ia,3.936,-0.487,-0.527,0.182,0.182,0.172,0.147,0.275,0.371,0.460,0.538,0.562,0.664
274.40681,-36.76169,6832,M3 II,3.450,3.534,2.846,2.805,2.236,0.780,0.652,1.247,2.043,2.614,2.868,3.266,3.601
275.24851,-29.82810,6859,K2 III,3.052,2.854,2.441,2.557,1.995,0.653,0.669,0.997,1.328,1.606,1.767,2.009,2.242
275.21693,3.37717,6866,G8 III,5.055,1.327,1.121,1.234,1.180,0.436,0.406,0.669,0.876,1.094,1.160,1.309,1.475
275.07464,21.96130,6868,M0 III,5.357,3.534,3.049,3.019,2.393,0.692,0.806,1.291,1.885,2.336,2.527,2.857,3.087
275.32750,-2.89883,6869,K0 III-IV,3.470,1.322,1.120,1.286,1.199,0.423,0.464,0.752,1.005,1.231,1.314,1.475,1.623
274.96545,36.06455,6872,K2 III,4.632,2.166,1.960,1.996,1.636,0.513,0.552,0.880,1.155,1.404,1.522,1.702,1.863
276.07600,-44.11025,6875,B3 Vn,5.270,-1.150,-1.060,-0.700,-0.240,-0.060,-0.060,-0.080,,,,,
276.04299,-34.38462,6879,A0 V,1.853,0.099,0.003,-0.190,-0.086,0.023,0.014,-0.017,0.000,0.023,0.034,0.053,0.063
275.91493,-8.93439,6884,K0 III,4.875,1.438,1.250,1.355,1.225,0.447,0.451,0.710,0.985,1.195,1.276,1.420,1.543
275.92454,21.76975,6895,K2 III,4.147,2.113,1.877,1.976,1.596,0.510,0.591,0.920,1.227,1.484,1.599,1.790,1.967
276.33767,-20.54168,6896,K2 II,5.139,1.973,1.812,1.836,1.643,0.649,0.676,1.086,1.437,1.839,2.037,2.300,2.633
276.74340,-45.96846,6897,B3 IV,3.536,-1.183,-1.087,-0.692,-0.246,-0.082,-0.032,-0.055,-0.113,-0.162,-0.205,-0.333,-0.374
277.20775,-49.07059,6905,G8/K0 III,4.363,1.666,1.364,1.558,1.258,0.400,0.488,0.804,1.038,1.316,1.411,1.565,1.812
276.99267,-25.42170,6913,K2 III,3.035,1.834,1.571,1.800,1.453,0.540,0.467,0.766,0.988,1.224,1.343,1.519,1.721
276.80212,0.19611,6918,G0 III + A6 V,5.331,0.597,0.558,0.572,0.529,0.246,0.287,0.473,0.646,0.833,0.914,1.069,1.191
275.18930,71.33782,6920,A0 p,4.237,-0.566,-0.535,-0.337,-0.113,-0.037,-0.019,-0.012,-0.084,-0.098,-0.119,-0.164,-0.252
275.97753,58.80073,6923,A1 V,5.012,0.109,0.096,0.119,0.091,0.042,0.045,0.077,0.033,0.105,0.121,0.141,-0.022
275.26409,72.73285,6927,F7 V,3.691,0.169,0.083,0.300,0.551,0.261,0.252,0.453,0.609,0.762,0.818,0.884,0.945
277.29939,-14.56581,6930,A3 V,4.709,0.264,0.204,0.057,0.044,0.035,0.054,0.086,0.133,0.136,0.153,0.173,0.192
277.93930,-45.91481,6934,B6 IV,5.020,-0.740,-0.640,-0.460,-0.170,-0.040,-0.010,-0.020,,,,,
278.00810,-45.75738,6938,B5 IV,5.180,-1.110,-0.860,-0.600,-0.200,-0.040,-0.030,-0.030,,,,,
276.49641,65.56348,6945,K2 III,5.113,2.155,1.814,1.932,1.596,0.530,0.562,0.920,1.232,1.497,1.640,1.827,2.040
277.97221,-19.12507,6947,F7 II,6.844,1.925,1.577,1.332,1.319,0.582,0.518,0.888,,,,,
278.80178,-8.24407,6973,K3 III,4.211,2.659,2.355,2.419,1.895,0.561,0.686,1.049,1.385,1.648,1.792,2.022,2.218
278.14384,57.04560,6978,F7 Ib,4.925,1.091,0.875,0.667,0.745,0.307,0.312,0.504,0.676,0.828,0.879,0.968,1.044
280.75890,-71.42811,6982,K2 III,4.272,2.032,1.732,1.938,1.557,0.535,0.521,0.850,1.161,1.434,1.543,1.733,1.957
279.23473,38.78369,7001,A0 V,0.039,0.052,0.035,0.043,0.013,0.001,0.001,-0.011,0.008,0.010,-0.004,0.011,0.000
280.56845,-9.05255,7020,F3 III-IV,4.801,0.427,0.348,0.329,0.428,0.172,0.193,0.308,0.444,0.525,0.540,0.605,0.646
281.08066,-35.64199,7029,B2.5 V,4.910,-1.240,-1.120,-0.720,-0.230,-0.050,-0.060,-0.040,,,,,
281.41411,-26.99078,7039,B8 Ib,3.150,-0.562,-0.556,-0.409,-0.145,-0.013,-0.022,-0.040,-0.095,-0.121,-0.115,-0.153,-0.212
281.19316,37.60512,7056,A4 m,4.405,0.348,0.294,0.252,0.235,0.071,0.105,0.178,0.197,0.247,0.251,0.309,0.276
281.41552,20.54631,7061,F6 V,4.302,0.246,0.152,0.316,0.518,0.237,0.221,0.384,0.505,0.615,0.655,0.679,0.830
281.79364,-4.74787,7063,G5 II,4.478,1.720,1.539,1.550,1.423,0.546,0.527,0.840,1.177,1.402,1.521,1.720,1.871
281.51867,26.66213,7064,K3 III,5.148,2.216,1.958,2.043,1.651,0.517,0.593,0.929,1.255,1.520,1.632,1.834,1.996
281.87062,-5.70515,7066,G0:Iae,5.489,2.564,2.222,2.041,1.738,0.694,0.660,1.068,1.460,1.644,1.815,2.026,2.218
281.75531,18.18152,7069,A3 V,4.371,0.156,0.131,0.206,0.183,0.043,0.049,0.091,0.110,0.143,0.134,0.150,0.145
283.05431,-62.18759,7074,B2 II-III,4.310,-1.410,-1.260,-0.850,-0.240,-0.030,-0.030,-0.050,,,,,
282.51998,33.36267,7106,B8 pe,3.399,-0.891,-0.865,-0.607,-0.078,0.036,0.050,0.131,0.120,0.162,0.171,0.149,0.228
283.81636,-26.29672,7121,B3 IV,2.001,-1.191,-1.124,-0.711,-0.246,-0.037,-0.074,-0.145,-0.229,-0.273,-0.325,-0.422,-0.509
282.80040,59.38835,7125,K0 II-III,4.972,2.077,1.764,1.859,1.607,0.553,0.571,0.939,1.212,1.474,1.563,1.764,2.011
284.16874,-37.34324,7129,B8 IV Si,5.390,-1.190,-1.050,-0.690,-0.230,-0.080,-0.010,-0.030,,,,,
283.68697,22.64503,7133,G4 III + A6 V,4.796,1.084,0.980,1.030,0.954,0.392,0.401,0.675,0.877,1.065,1.157,1.307,1.434
283.30642,50.70822,7137,G8 III,5.133,1.259,1.087,1.185,1.147,0.426,0.419,0.703,0.922,1.130,1.219,1.357,1.460
283.62618,36.89861,7139,M4 II,4.561,3.301,2.715,2.580,2.134,0.912,0.613,1.305,2.430,3.202,3.506,4.042,4.404
284.05492,4.20359,7141,A5 V,4.673,0.205,0.176,0.182,0.179,0.056,0.095,0.148,0.213,0.244,0.238,0.264,0.294
284.43250,-21.10666,7150,K1 III,3.776,2.151,1.880,1.957,1.650,0.558,0.564,0.883,1.165,1.407,1.528,1.721,1.910
283.83376,43.94609,7157,M5 III,4.391,3.662,2.822,2.482,1.886,1.045,0.482,1.362,2.753,3.596,3.940,4.615,4.975
284.90566,15.06830,7176,K2 III,4.313,1.934,1.725,1.776,1.460,0.473,0.512,0.834,1.052,1.260,1.379,1.545,1.723
284.73593,32.68956,7178,B9 III,3.242,0.018,-0.040,-0.272,-0.078,0.006,0.006,0.037,-0.013,-0.018,0.012,0.007,0.018
283.59940,71.29719,7180,K2 III,5.102,2.078,1.836,1.910,1.580,0.524,0.542,0.879,1.128,1.379,1.497,1.657,1.850
285.42011,-5.73911,7193,K1 III,4.295,1.894,1.674,1.772,1.477,0.498,0.526,0.854,1.067,1.309,1.423,1.587,1.801
285.65304,-29.88006,7194,A2 IV,2.612,0.210,0.132,0.155,0.094,0.045,0.061,0.045,0.056,0.064,0.058,0.092,0.194
286.17076,-21.74150,7217,gG8,4.016,1.645,1.416,1.522,1.329,0.440,0.518,0.808,1.074,1.284,1.377,1.524,1.733
286.73504,-27.67042,7234,K1 III,3.607,2.195,1.881,2.079,1.584,0.532,0.584,0.905,1.163,1.417,1.549,1.755,1.974
286.35253,13.86348,7235,A0 Vn,2.981,0.016,0.037,0.006,0.007,0.008,-0.007,0.008,0.022,0.028,0.020,0.037,0.026
286.56225,-4.88256,7236,B9 Vn,3.419,-0.448,-0.397,-0.294,-0.124,-0.025,-0.041,-0.047,-0.085,-0.092,-0.117,-0.162,-0.198
287.36809,-37.90447,7254,A2 V,4.119,0.172,0.091,0.154,0.029,0.041,0.030,0.021,-0.004,0.016,0.019,0.020,0.060
287.49022,-41.89226,7257,B5 V,5.930,-0.780,-0.690,-0.470,-0.140,-0.010,0.000,0.000,,,,,
287.50732,-39.34080,7259,gG3,4.368,2.175,1.848,1.974,1.631,0.614,0.522,0.835,1.110,1.375,1.480,1.654,1.868
287.44097,-21.02361,7264,F2 II-III,2.973,0.761,0.592,0.371,0.413,0.238,0.219,0.306,0.441,0.538,0.591,0.669,0.744
288.43953,39.14597,7298,B2 IV,4.386,-1.076,-0.990,-0.720,-0.226,-0.041,-0.034,-0.070,-0.098,-0.134,-0.179,-0.285,-0.322
289.05433,21.39043,7306,B3 IV,4.747,-0.865,-0.799,-0.531,-0.134,-0.001,-0.010,-0.012,-0.014,0.003,-0.029,-0.134,-0.139
288.13876,67.66154,7310,G9 III,3.329,1.584,1.361,1.448,1.293,0.452,0.480,0.760,0.987,1.232,1.321,1.466,1.617
289.09206,38.13373,7314,K0 II,4.629,2.308,2.082,2.098,1.767,0.606,0.570,0.903,1.191,1.468,1.586,1.790,1.963
289.91664,-35.42145,7316,B4 IV,5.640,-0.950,-0.860,-0.590,-0.190,-0.030,-0.030,-0.040,,,,,
289.27570,53.36846,7328,K0 III,3.994,1.485,1.305,1.379,1.246,0.446,0.438,0.725,0.951,1.158,1.246,1.376,1.542
290.41816,-17.84720,7340,F0 IV,3.972,0.313,0.260,0.234,0.265,0.093,0.127,0.180,0.273,0.339,0.376,0.397,0.452
290.43176,-15.95502,7342,A  pe,4.664,-0.650,-0.830,-0.582,-0.022,0.019,0.207,0.318,0.437,0.487,0.564,0.512,0.587
288.88774,73.35547,7352,K3 III,4.780,2.541,2.296,2.314,1.813,0.522,0.629,0.967,1.242,1.520,1.650,1.839,1.978
291.12575,-27.86594,7355,B5 IV,6.010,-1.120,-1.020,-0.660,-0.170,-0.020,-0.010,-0.010,,,,,
290.71202,26.26241,7358,B6 III,5.168,-0.890,-0.818,-0.513,-0.190,-0.048,-0.041,-0.072,-0.109,-0.134,-0.183,-0.214,-0.237
290.16706,65.71453,7371,A2 IV,4.614,0.140,0.111,0.080,0.034,0.000,0.027,0.033,-0.019,0.031,0.041,0.069,0.054
291.03158,29.62134,7372,B3 IV,4.980,-1.149,-1.057,-0.673,-0.192,-0.030,-0.028,-0.054,-0.041,-0.061,-0.088,-0.205,-0.128
291.37459,3.11478,7377,F0 IV,3.430,0.223,0.160,0.224,0.346,0.158,0.158,0.263,0.362,0.447,0.475,0.499,0.565
291.62954,0.33857,7387,F2 Ib,4.821,1.476,1.227,0.624,0.604,0.317,0.339,0.514,0.788,0.960,1.099,1.275,1.386
292.17637,24.66490,7405,M1 III,4.863,3.319,2.817,2.798,2.198,0.632,0.749,1.216,1.790,2.226,2.398,2.716,2.981
292.68034,27.95968,7417,K3:II,3.399,1.273,1.244,1.405,1.376,0.514,0.612,0.949,1.262,1.552,1.675,1.905,2.110
292.42649,51.72978,7420,A5 V,3.827,0.280,0.240,0.162,0.163,0.078,0.064,0.141,0.167,0.217,0.210,0.280,0.295
292.94301,34.45297,7426,B3 IV,4.740,-1.052,-0.951,-0.666,-0.226,-0.044,-0.051,-0.052,-0.126,-0.154,-0.182,-0.302,-0.219
293.52231,7.37894,7429,K3 III,4.779,2.173,1.949,2.034,1.602,0.470,0.614,0.957,1.198,1.443,1.566,1.733,1.970
293.64540,19.77340,7437,B7 V,5.017,-0.686,-0.640,-0.483,-0.171,-0.032,0.004,0.003,-0.067,-0.079,-0.066,-0.125,-0.131
294.22271,-7.02748,7446,B0.5 III,4.988,-1.295,-1.206,-0.753,-0.102,0.063,0.055,0.079,0.102,0.111,0.087,-0.006,-0.004
294.18032,-1.28660,7447,B5 III,4.359,-0.731,-0.669,-0.472,-0.146,-0.017,0.004,0.004,-0.034,-0.041,-0.048,-0.107,-0.122
293.08996,69.66118,7462,K0 V,4.896,0.784,0.686,0.981,0.965,0.326,0.412,0.682,0.916,1.105,1.181,1.265,1.393
294.11056,50.22110,7469,F4 V,4.588,0.144,0.091,0.240,0.444,0.204,0.199,0.346,0.457,0.557,0.601,0.631,0.715
294.84419,30.15332,7478,G8 III-IV,4.930,1.522,1.367,1.442,1.273,0.434,0.465,0.756,0.956,1.193,1.302,1.454,1.611
295.02413,18.01389,7479,G0 II,4.580,1.037,0.828,0.890,0.968,0.374,0.362,0.623,0.793,0.985,1.053,1.155,1.283
295.26225,17.47604,7488,G8 II,4.641,1.750,1.569,1.582,1.405,0.498,0.475,0.778,0.991,1.215,1.314,1.469,1.633
295.45397,50.52506,7503,G2 V,6.145,0.516,0.423,0.639,0.754,0.308,0.337,0.567,0.719,0.889,0.944,1.010,1.120
295.46655,50.51752,7504,G5 V,6.396,0.539,0.437,0.682,0.768,0.306,0.341,0.559,0.736,0.905,0.948,1.034,1.144
296.56492,10.61326,7525,K3 II,3.126,3.081,2.716,2.755,2.208,0.687,0.739,1.139,1.508,1.835,2.000,2.257,2.487
297.59065,-61.06112,7527,B5 V,6.290,-0.980,-0.870,-0.600,-0.220,-0.060,-0.030,-0.030,,,,,
296.24366,45.13081,7528,B9.5 III,2.893,-0.114,-0.078,-0.140,-0.071,0.006,-0.005,0.007,0.006,0.004,0.002,0.006,-0.009
296.84693,18.53429,7536,M2 II + B6,4.211,2.068,1.940,1.955,1.739,0.729,0.659,1.214,2.040,2.618,2.855,3.237,3.522
297.24442,19.14204,7546,A3 V,5.069,0.167,0.152,0.110,0.096,0.047,0.064,0.095,0.146,0.179,0.201,0.227,0.236
297.69583,8.86832,7557,A7 IV-V,0.799,0.235,0.183,0.202,0.255,0.098,0.120,0.182,0.236,0.304,0.328,0.339,0.364
297.64135,32.91406,7564,M6 pe,8.708,4.300,2.380,1.132,1.294,1.828,0.601,2.428,4.684,6.235,6.810,8.200,8.645
297.76712,22.61005,7565,B3 V,4.960,-1.110,-1.003,-0.662,-0.242,-0.054,-0.043,-0.075,-0.062,-0.007,-0.084,-0.202,-0.291
298.11820,1.00566,7570,G2 Ib,4.056,1.432,1.190,1.055,1.094,0.446,0.474,0.736,0.905,1.098,1.177,1.349,1.530
298.09068,18.67188,7574,O7.5 Iaf,6.281,-1.340,-1.253,-0.755,-0.073,0.078,0.056,0.111,0.157,0.182,0.203,0.118,0.029
298.81540,-41.86829,7581,K0 III,4.396,1.862,1.496,1.680,1.392,0.537,0.544,0.821,1.151,1.348,1.381,1.624,1.950
297.04313,70.26793,7582,G8 III,4.078,1.178,0.982,1.115,1.096,0.432,0.419,0.714,0.888,1.112,1.204,1.332,1.505
297.99612,47.02734,7589,O9.5 Iab,5.653,-1.454,-1.347,-0.837,-0.170,0.026,-0.003,0.019,-0.010,-0.016,-0.046,-0.149,-0.222
300.14815,-72.91051,7590,A0 V,3.950,-0.027,-0.028,-0.061,-0.010,0.008,0.009,0.022,0.002,0.000,-0.005,-0.033,0.011
298.36540,24.07961,7592,B9.5 III,4.544,-0.200,-0.203,-0.208,-0.062,-0.013,0.023,-0.006,0.079,0.096,0.106,0.120,0.128
298.56201,8.46145,7595,K0 III,4.975,1.740,1.518,1.605,1.368,0.469,0.506,0.820,1.046,1.264,1.377,1.541,1.740
298.95984,-26.29953,7597,dG5,4.878,0.873,0.664,0.883,0.921,0.400,0.385,0.598,0.747,0.950,1.026,1.132,1.183
298.82830,6.40676,7602,G8 IV,3.955,0.997,0.853,1.069,1.025,0.366,0.436,0.725,0.892,1.099,1.188,1.326,1.479
298.96568,38.48671,7613,B6 III,4.950,-0.831,-0.759,-0.556,-0.161,-0.016,-0.017,-0.018,-0.042,-0.040,-0.065,-0.131,-0.145
299.07655,35.08342,7615,K0 III,4.157,1.661,1.474,1.561,1.340,0.459,0.495,0.797,1.025,1.261,1.339,1.506,1.680
298.90744,52.43895,7619,A3 IV,5.000,0.238,0.206,0.167,0.158,0.073,0.097,0.163,0.208,0.201,0.176,0.146,0.118
299.68929,19.49215,7635,K5+III,3.981,3.389,2.960,2.968,2.336,0.655,0.826,1.277,1.753,2.156,2.320,2.627,2.884
300.66450,-27.70985,7650,M4 III,4.911,3.689,3.038,2.910,2.221,0.889,0.621,1.285,2.273,2.948,3.222,3.668,4.051
300.88941,-37.94070,7652,gK5,5.173,2.993,2.543,2.694,1.991,0.606,0.742,1.109,1.483,1.778,1.904,2.150,2.432
300.27520,27.75357,7653,A4 III,4.739,0.391,0.307,0.223,0.202,0.071,0.112,0.182,0.209,0.254,0.281,0.318,0.351
302.18171,-66.18207,7665,G8 V,3.751,0.917,0.766,0.987,0.949,0.362,0.408,0.598,0.765,0.921,0.994,1.088,1.252
301.84648,-52.88079,7673,M2 III,5.361,3.351,3.009,3.026,2.306,0.734,0.782,1.225,1.808,2.258,2.412,2.729,3.045
301.15073,32.21860,7678,B1.5 Ia,5.729,-0.329,-0.361,-0.034,0.487,0.357,0.293,0.509,0.707,0.866,0.967,1.092,1.247
300.70447,67.87356,7685,K3 III,4.865,2.681,2.388,2.412,1.907,0.570,0.650,1.003,1.292,1.573,1.733,1.953,2.120
302.35675,36.83962,7708,B3 V,5.001,-1.260,-1.168,-0.798,-0.270,-0.079,-0.016,-0.034,-0.036,-0.035,-0.099,-0.206,-0.232
302.82611,-0.82147,7710,B9.5 III,3.183,-0.201,-0.224,-0.207,-0.098,-0.010,-0.019,-0.034,-0.044,-0.047,-0.057,-0.023,-0.082
303.56925,15.19761,7724,A2 V,4.982,0.107,0.079,0.135,0.094,0.029,0.033,0.054,0.058,0.074,0.076,0.109,0.071
303.32522,46.81568,7730,A3 III,4.888,0.433,0.360,0.083,0.092,0.048,0.080,0.121,0.115,0.184,0.206,0.261,0.285
303.40794,46.74133,7735,K2 II + B3 V,4.154,1.083,1.109,1.376,1.503,0.607,0.683,1.075,1.419,1.748,1.930,2.199,2.423
303.63347,36.80630,7736,A2 III,5.010,0.132,0.105,0.129,0.154,0.084,0.085,0.173,0.209,0.274,0.272,0.292,0.338
303.81623,25.59196,7739,B3 V,4.794,-1.202,-1.093,-0.727,-0.223,-0.037,-0.063,-0.084,-0.216,-0.213,-0.255,-0.380,-0.348
303.34944,56.56772,7740,A3 IV-V,4.356,0.233,0.185,0.125,0.126,0.061,0.077,0.133,0.165,0.237,0.239,0.273,0.276
303.94223,27.81424,7744,K3 III,4.865,2.085,1.889,1.974,1.716,0.546,0.670,1.050,1.403,1.654,1.805,2.040,2.242
304.41196,-12.50821,7747,G3 Ib,4.499,1.699,1.459,1.460,1.368,0.518,0.511,0.815,1.022,1.279,1.339,1.527,1.722
302.22228,77.71142,7750,B9 III,4.387,-0.151,-0.144,-0.192,-0.068,0.002,-0.010,-0.010,-0.042,-0.030,-0.047,-0.055,-0.043
303.86801,47.71421,7751,K3 Ib-II + B,4.446,2.030,1.922,2.075,1.970,0.715,0.796,1.270,1.720,2.131,2.310,2.626,2.870
304.51357,-12.54485,7754,G9 III,3.822,1.379,1.220,1.302,1.197,0.426,0.458,0.743,0.955,1.164,1.251,1.394,1.540
304.44668,38.03293,7763,B1 pe,4.956,-0.617,-0.630,-0.236,0.345,0.283,0.297,0.530,0.566,0.684,0.743,0.859,1.107
304.52912,40.73208,7767,O9 V:((n)),5.899,-1.088,-1.037,-0.582,0.016,0.108,0.096,0.173,0.216,0.269,0.257,0.195,0.209
305.16590,-12.75908,7773,B9 V,4.764,-0.174,-0.162,-0.144,-0.080,-0.020,0.004,-0.007,-0.013,-0.021,-0.030,-0.051,-0.038
305.25281,-14.78138,7776,F8 V,3.294,0.735,0.701,0.823,0.895,0.374,0.422,0.681,0.905,1.105,1.198,1.354,1.561
306.41190,-56.73509,7790,B2.5 V,1.926,-1.170,-1.095,-0.726,-0.256,-0.010,-0.032,-0.093,-0.183,-0.224,-0.277,-0.379,-0.362
305.55709,40.25668,7796,F8 Ib,2.392,1.295,1.027,0.781,0.842,0.334,0.339,0.529,0.654,0.818,0.885,1.000,1.097
305.96509,32.19017,7806,K3 III,4.787,2.682,2.365,2.451,1.932,0.588,0.687,1.071,1.420,1.715,1.845,2.102,2.286
307.21506,-17.81369,7822,F2 IV,4.844,0.247,0.187,0.273,0.424,0.201,0.193,0.328,0.442,0.526,0.591,0.606,0.696
307.34890,30.36855,7834,F5 II,4.098,0.816,0.646,0.412,0.484,0.205,0.205,0.353,0.476,0.595,0.642,0.725,0.786
307.51475,48.95157,7844,B2 V,4.931,-1.017,-0.936,-0.658,-0.151,-0.013,-0.006,-0.007,-0.044,-0.055,-0.041,-0.138,-0.183
307.74679,36.93584,7847,F5 Iab,6.477,1.861,1.577,1.157,1.073,0.517,0.570,0.903,1.193,1.467,1.647,1.937,2.132
307.39535,62.99411,7850,A7 III,4.249,0.365,0.302,0.260,0.252,0.091,0.080,0.146,0.197,0.231,0.250,0.258,0.287
308.30322,11.30326,7852,B6 III,4.017,-0.834,-0.747,-0.538,-0.192,-0.045,-0.039,-0.054,-0.086,-0.118,-0.143,-0.209,-0.235
308.47578,35.25085,7866,K2 Ib + B,5.059,1.621,1.646,1.903,1.965,0.797,0.810,1.291,1.830,2.230,2.440,2.777,3.039
309.39180,-47.29150,7869,K0 III,3.345,1.616,1.369,1.505,1.317,0.500,0.476,0.738,0.972,1.192,1.300,1.468,1.678
309.38726,14.59509,7882,F5 IV,3.729,0.398,0.308,0.374,0.536,0.229,0.225,0.366,,,,,
309.58451,-1.10512,7884,G8 III,4.523,1.439,1.260,1.337,1.232,0.442,0.419,0.682,1.000,1.193,1.285,1.415,1.593
309.63058,21.20118,7891,B9.5 V,4.802,-0.185,-0.152,-0.122,-0.055,-0.017,-0.005,-0.028,-0.011,-0.023,-0.025,-0.040,-0.039
309.90953,15.91207,7906,B9 V,3.764,-0.341,-0.297,-0.266,-0.095,-0.026,-0.015,-0.028,-0.024,-0.035,-0.041,-0.059,-0.064
311.23956,-66.20321,7913,A7 III,3.461,0.437,0.312,0.244,0.206,0.134,0.117,0.112,0.183,0.231,0.263,0.313,0.462
310.35798,45.28034,7924,A2 Ia,1.309,-0.015,-0.136,-0.379,0.035,0.102,0.063,0.118,0.185,0.218,0.317,0.284,0.289
310.86472,15.07458,7928,F0 IVp,4.464,0.292,0.229,0.225,0.300,0.127,0.170,0.264,0.448,0.520,0.561,0.570,0.635
311.52389,-25.27090,7936,F5 V,4.234,0.223,0.107,0.291,0.459,0.212,0.243,0.356,0.500,0.633,0.629,0.689,0.942
311.21877,25.27062,7939,K2 III,5.203,2.187,1.917,1.993,1.613,0.524,0.570,0.900,1.186,1.446,1.564,1.766,1.957
311.41564,30.71972,7942,K0 III,4.448,1.739,1.529,1.622,1.410,0.473,0.483,0.785,1.054,1.277,1.382,1.558,1.705
311.66188,16.12414,7947,F8 IV-V/K2IV,4.079,1.042,0.915,1.041,1.023,0.366,0.441,0.702,0.822,1.025,1.203,1.368,1.506
311.55284,33.97026,7949,K0 III,2.703,1.643,1.435,1.527,1.342,0.465,0.481,0.782,1.034,1.265,1.352,1.549,1.719
311.91897,-9.49577,7950,A1 V,3.791,0.096,0.093,-0.026,-0.016,-0.004,0.014,0.024,0.044,0.054,0.057,0.072,0.033
311.93433,-5.02770,7951,M3 III,4.867,3.734,3.150,3.026,2.405,0.815,0.699,1.293,2.159,2.729,2.981,3.358,3.693
312.37067,-46.22683,7952,K5 III,5.162,2.373,1.922,2.021,1.588,0.575,0.554,0.898,1.372,1.734,1.884,2.174,2.478
311.33804,57.57972,7955,F8 IV-V,4.628,0.427,0.334,0.487,0.641,0.267,0.272,0.441,0.624,0.778,0.847,0.860,0.980
311.32240,61.83878,7957,K0 IV,3.643,1.263,1.078,1.259,1.161,0.416,0.448,0.718,1.022,1.227,1.341,1.439,1.640
311.85224,36.49071,7963,B5 V,4.477,-0.827,-0.752,-0.543,-0.161,-0.032,-0.030,-0.057,-0.080,-0.100,-0.136,-0.193,-0.200
312.23455,46.11413,7977,B3 Ia,4.933,-0.399,-0.417,-0.191,0.339,0.269,0.227,0.387,0.540,0.678,0.748,0.817,0.918
312.95538,-26.91913,7980,K5 III,4.594,2.990,2.493,2.539,2.393,0.764,0.840,1.273,1.774,2.208,2.385,2.700,2.977
313.70251,-58.45416,7986,K0 III,3.961,2.390,2.011,2.169,1.739,0.634,0.606,0.873,1.162,1.402,1.533,1.746,1.990
313.16347,-8.98332,7990,A8 m,4.838,0.355,0.301,0.325,0.408,0.170,0.183,0.269,0.394,0.472,0.506,0.508,0.559
313.03198,27.09698,7995,G8 III,4.754,1.085,0.919,1.031,1.045,0.396,0.382,0.625,0.855,1.053,1.129,1.246,1.408
313.31148,44.38726,8001,B5 V,4.765,-0.967,-0.883,-0.580,-0.182,-0.033,-0.038,-0.078,-0.108,-0.149,-0.198,-0.262,-0.259
313.95752,47.41766,8020,B8 Ia,5.795,-0.077,-0.157,-0.047,0.451,0.316,0.234,0.437,0.650,0.780,0.895,0.983,1.037
314.29341,41.16714,8028,A0 V,3.971,0.092,0.076,-0.112,-0.015,0.017,0.008,0.045,0.066,0.075,0.082,0.106,0.106
314.95649,47.52095,8047,B1.5 nne,4.595,-1.364,-1.296,-0.769,-0.096,0.048,0.017,0.105,0.212,0.233,0.162,0.035,0.117
316.10126,-19.85499,8060,A5 V,4.888,0.204,0.168,0.197,0.179,0.069,0.102,0.128,0.223,0.265,0.276,0.309,0.375
316.48678,-17.23286,8075,A0 V,4.115,-0.017,-0.020,0.003,-0.001,0.003,0.007,0.017,0.008,0.007,0.005,0.000,0.012
316.23276,43.92785,8079,K5 Ib,4.135,3.135,2.804,2.770,2.332,0.758,0.804,1.236,1.733,2.122,2.297,2.598,2.912
316.78195,-25.00586,8080,M1 III,4.969,3.627,3.046,3.038,2.367,0.741,0.846,1.273,1.849,2.276,2.458,2.785,3.084
316.72480,38.74944,8085,K5 V,5.698,1.736,1.513,1.864,1.486,0.301,0.820,1.182,1.636,1.880,1.979,2.172,2.359
316.73027,38.74206,8086,K7 V,6.540,2.027,1.776,2.061,1.707,0.407,0.888,1.337,1.804,2.240,2.374,2.597,2.941
316.65039,47.64840,8089,K4 Ib-IIa,4.960,3.292,2.910,2.886,2.356,0.719,0.760,1.209,1.611,1.963,2.132,2.401,2.673
317.39854,-11.37169,8093,G8 III,4.728,1.410,1.232,1.342,1.225,0.439,0.429,0.712,0.953,1.158,1.275,1.405,1.562
317.58542,10.13158,8097,F0 p,4.789,0.238,0.206,0.284,0.344,0.115,0.125,0.216,0.274,0.327,0.352,0.384,0.413
318.23411,30.22692,8115,G8 II,3.447,1.510,1.373,1.444,1.335,0.479,0.442,0.708,0.914,1.123,1.229,1.372,1.512
318.62006,10.00698,8123,F7 V,4.597,0.232,0.160,0.351,0.560,0.258,0.253,0.438,0.522,0.685,0.737,0.789,0.906
318.69789,38.04532,8130,F0 IV,3.842,0.286,0.207,0.306,0.463,0.229,0.196,0.335,0.474,0.575,0.624,0.666,0.740
318.95597,5.24785,8131,G0 III + A5 V,4.020,0.690,0.611,0.653,0.607,0.240,0.256,0.460,0.614,0.766,0.819,0.934,1.075
319.35397,39.39468,8143,B9 Iab,4.236,-0.446,-0.435,-0.429,0.037,0.101,0.080,0.167,0.168,0.215,0.289,0.279,0.322
319.47948,34.89690,8146,B2 Ve,4.374,-1.293,-1.213,-0.736,-0.177,-0.010,-0.019,0.030,0.044,0.096,0.019,-0.101,-0.093
319.64488,62.58557,8162,A7 IV-V,2.501,0.302,0.246,0.244,0.272,0.110,0.108,0.181,0.242,0.291,0.329,0.356,0.384
320.56165,-16.83454,8167,G8 III,4.490,1.236,1.053,1.168,1.120,0.424,0.422,0.688,0.892,1.106,1.175,1.313,1.454
320.52166,19.80451,8173,K1 III,4.349,1.926,1.727,1.805,1.490,0.494,0.528,0.833,1.118,1.363,1.461,1.633,1.802
321.61085,-65.36620,8181,F8 V,4.346,0.164,-0.003,0.290,0.488,0.293,0.288,0.428,0.623,0.810,0.819,0.879,1.036
321.66678,-22.41133,8204,G4 Ibp,3.965,1.352,1.163,1.332,1.343,0.514,0.468,0.677,0.905,1.088,1.163,1.287,1.460
322.48706,23.63884,8225,M1 III,4.951,3.491,3.020,2.982,2.353,0.691,0.791,1.267,1.832,2.311,2.490,2.819,3.066
322.88972,-5.57118,8232,G0 Ib,3.094,1.322,1.063,1.022,1.058,0.397,0.402,0.636,0.851,1.024,1.095,1.217,1.333
322.16499,70.56072,8238,B2 III,3.186,-1.562,-1.431,-0.961,-0.316,-0.084,-0.097,-0.139,-0.292,-0.341,-0.416,-0.538,-0.558
323.49522,45.59184,8252,G8 III,4.196,1.224,1.046,1.167,1.125,0.419,0.416,0.690,0.997,1.202,1.286,1.414,1.593
325.36937,-77.39004,8254,K0 III,4.018,1.710,1.436,1.621,1.307,0.468,0.530,0.766,1.021,1.144,1.393,1.531,1.755
323.69402,38.53406,8255,K0 III,5.143,1.859,1.673,1.737,1.449,0.468,0.548,0.852,1.115,1.337,1.447,1.632,1.817
324.27013,-19.46601,8260,B2.5 Vp,4.633,-1.014,-0.949,-0.800,-0.262,-0.046,-0.058,-0.048,-0.103,-0.135,-0.128,-0.223,-0.226
324.01040,45.37459,8262,gM4 e,5.733,3.735,2.766,2.291,1.780,1.207,0.532,1.592,3.321,4.344,4.750,5.633,6.061
324.43796,-7.85420,8264,A7 V,4.749,0.320,0.258,0.215,0.212,0.081,0.086,0.151,0.212,0.250,0.273,0.299,0.331
325.02274,-16.66231,8278,A8 m,3.764,0.482,0.418,0.361,0.407,0.133,0.160,0.247,0.318,0.410,0.397,0.459,0.561
324.48010,62.08194,8279,B2 Ib,4.839,-0.558,-0.566,-0.286,0.243,0.228,0.169,0.293,0.426,0.489,0.528,0.530,0.609
325.66461,-18.86632,8288,G8 III,4.924,1.284,1.038,1.152,1.118,0.433,0.402,0.687,0.914,1.136,1.227,1.344,1.495
325.50452,35.51020,8297,"C6,3",6.888,12.000,7.600,7.134,5.263,1.513,1.305,2.043,2.637,3.152,3.697,4.124,4.529
325.52360,51.18962,8301,B3 V,4.688,-1.025,-0.954,-0.659,-0.168,-0.021,-0.051,-0.051,-0.110,-0.130,-0.187,-0.272,-0.302
326.23671,-33.02578,8305,A0 V,4.349,-0.141,-0.196,-0.103,-0.064,0.028,0.028,-0.028,-0.068,-0.022,-0.070,-0.052,-0.098
326.04648,9.87501,8308,K2 Ib,2.794,3.103,2.715,2.687,2.238,0.735,0.738,1.125,1.455,1.775,1.919,2.183,2.429
326.03579,28.74261,8309,F6 V,4.571,0.170,0.088,0.277,0.523,0.222,0.239,0.407,0.576,0.687,0.720,0.780,0.885
326.12790,17.35002,8313,G5 Ib,4.556,1.924,1.693,1.722,1.547,0.541,0.517,0.819,1.102,1.352,1.460,1.649,1.796
326.16140,25.64504,8315,F5 IV,4.222,0.198,0.117,0.250,0.435,0.209,0.234,0.380,0.543,0.658,0.687,0.739,0.827
325.87692,58.78004,8316,M2 Ia,4.635,4.892,4.418,4.043,3.329,1.351,1.037,1.846,2.896,3.586,3.952,4.572,4.951
325.48039,71.31142,8317,K0 III,4.803,2.020,1.824,1.877,1.538,0.486,0.526,0.829,1.084,1.319,1.423,1.586,1.771
326.76018,-16.12729,8322,A6 m,2.949,0.256,0.215,0.282,0.359,0.162,0.168,0.277,0.366,0.445,0.467,0.491,0.536
326.22200,62.46057,8327,O9 II,6.004,-0.719,-0.722,-0.319,0.274,0.229,0.170,0.292,0.398,0.535,0.559,0.538,0.535
326.36219,61.12081,8334,A2 Ia,4.435,0.808,0.586,0.201,0.483,0.339,0.277,0.475,0.672,0.837,0.999,1.102,1.234
326.69837,49.30957,8335,B3 III,4.224,-1.121,-1.045,-0.724,-0.180,-0.024,-0.022,-0.041,-0.088,-0.096,-0.134,-0.236,-0.221
328.48219,-37.36486,8353,B8 II,3.005,-0.551,-0.546,-0.411,-0.156,0.005,-0.008,-0.058,-0.073,-0.099,-0.126,-0.150,-0.075
329.47947,-54.99258,8368,F0 IV,4.478,0.361,0.274,0.260,0.309,0.144,0.165,0.248,,,,,
329.16310,63.62556,8383,M2 Iab + B6 II,5.419,1.176,1.094,1.548,2.005,0.941,0.866,1.572,2.381,3.009,3.305,3.779,4.141
330.84024,-56.78598,8387,K5 V,5.069,1.577,1.377,1.716,1.328,0.337,0.708,1.001,1.319,1.558,1.688,1.875,2.005
330.82852,-2.15536,8402,B8 V,4.719,-0.694,-0.630,-0.508,-0.156,-0.023,-0.011,0.001,-0.046,-0.040,-0.043,-0.102,-0.065
331.52869,-39.54335,8411,K2 III,4.817,2.892,2.541,2.601,2.056,0.581,0.699,1.073,,,,,
331.41980,5.05853,8413,K4 III,5.270,3.105,2.742,2.768,2.136,0.579,0.766,1.167,1.545,1.882,2.028,2.277,2.526
331.44598,-0.31985,8414,G2 Ib,3.179,1.590,1.333,1.300,1.289,0.481,0.450,0.708,0.889,1.158,1.229,1.371,1.517
330.94773,64.62798,8417,A3 m,4.332,0.298,0.244,0.324,0.433,0.182,0.194,0.289,0.411,0.508,0.531,0.563,0.619
331.60928,-13.86968,8418,B8 V,4.259,-0.550,-0.489,-0.305,-0.099,-0.019,-0.045,-0.044,-0.080,-0.092,-0.120,-0.164,-0.134
332.05827,-46.96097,8425,B7 IV,1.736,-0.770,-0.757,-0.506,-0.211,-0.015,-0.003,-0.064,-0.088,-0.109,-0.145,-0.208,-0.198
331.75277,25.34511,8430,F5 V,3.858,0.180,0.123,0.307,0.505,0.227,0.219,0.367,0.543,0.665,0.703,0.745,0.850
332.09587,-32.98847,8431,A2 V,4.480,0.157,0.136,0.072,0.064,0.068,0.007,0.007,,,,,
332.54994,6.19786,8450,A2 V,3.546,0.169,0.136,0.138,0.105,0.041,0.025,0.036,0.069,0.084,0.089,0.121,0.181
332.49685,33.17822,8454,F5 II-III,4.384,0.634,0.489,0.417,0.550,0.261,0.233,0.386,0.507,0.649,0.686,0.766,0.914
332.71365,58.20126,8465,K1 Ib,3.741,3.100,2.759,2.724,2.271,0.768,0.731,1.132,1.459,1.779,1.938,2.197,2.440
332.45179,72.34121,8468,G8 III,5.026,1.382,1.184,1.238,1.182,0.434,0.421,0.699,0.943,1.148,1.228,1.346,1.518
332.87740,59.41449,8469,O6 I(n)f,5.137,-0.911,-0.877,-0.470,0.153,0.191,0.146,0.250,0.375,0.465,0.462,0.435,0.566
333.46971,39.71493,8485,K3 III,4.853,2.589,2.358,2.370,1.938,0.625,0.705,1.087,1.440,1.755,1.893,2.156,2.413
333.90384,-41.34670,8486,G8 III + G,4.988,1.147,0.890,1.030,0.959,0.418,0.420,0.624,0.752,0.942,1.015,1.179,1.108
333.75915,57.04358,8494,F0 IV,4.243,0.269,0.207,0.250,0.328,0.152,0.149,0.228,0.360,0.442,0.451,0.477,0.554
333.99240,37.74873,8498,K3 II-III,4.478,2.937,2.627,2.637,2.118,0.655,0.701,1.066,1.400,1.708,1.867,2.107,2.354
334.20848,-7.78329,8499,G8 III-IV,4.402,1.577,1.392,1.472,1.297,0.439,0.468,0.739,0.976,1.191,1.259,1.427,1.585
334.62539,-60.25959,8502,K3 III,3.249,2.810,2.382,2.537,1.971,0.637,0.737,1.073,1.403,1.709,1.859,2.123,2.405
335.41406,-1.38733,8518,B9 III,3.859,-0.180,-0.171,-0.149,-0.082,-0.028,0.007,-0.017,-0.021,-0.021,-0.028,-0.034,-0.035
335.37948,12.20518,8520,B2 V,5.006,-1.264,-1.169,-0.780,-0.228,-0.037,-0.040,-0.068,-0.063,-0.072,-0.128,-0.249,-0.266
335.68419,-45.94795,8521,"S4,7",6.981,4.055,3.751,3.592,3.072,1.348,0.683,1.649,3.092,4.155,4.671,5.404,5.961
335.33058,28.33053,8522,B8 III,4.828,-0.264,-0.247,-0.266,-0.029,0.005,0.035,0.046,0.050,0.064,0.062,0.069,0.069
335.25645,46.53657,8523,B6 IV,4.541,-0.868,-0.786,-0.551,-0.166,-0.037,-0.035,-0.049,-0.086,-0.091,-0.113,-0.188,-0.199
335.89010,52.22905,8538,G9 III,4.660,1.582,1.350,1.464,1.311,0.459,0.484,0.783,1.061,1.297,1.396,1.575,1.752
336.31926,1.37740,8539,B1 nnek,4.630,-1.416,-1.344,-0.801,-0.110,0.042,0.034,0.150,0.188,0.278,0.205,0.108,0.195
336.12913,49.47639,8541,B9 Iab,4.626,-0.384,-0.395,-0.409,0.027,0.088,0.089,0.142,0.177,0.224,0.275,0.263,0.301
336.96468,4.69567,8551,K0 III-IV,5.059,1.741,1.505,1.640,1.399,0.478,0.523,0.842,1.124,1.360,1.494,1.665,1.848
337.31739,-43.49556,8556,G6/8 III,4.211,1.714,1.436,1.561,1.388,0.534,0.495,0.733,0.955,1.201,1.286,1.422,1.734
337.20733,-0.02054,8558,F2 IV,3.770,0.286,0.185,0.276,0.472,0.213,0.215,0.373,0.516,0.641,0.671,0.712,0.796
337.43931,-43.74922,8560,M4.5 IIIa,4.421,3.786,3.090,2.933,2.268,0.888,0.607,1.237,2.173,2.846,3.089,3.542,3.973
337.29277,58.41520,8571,F5 Ib-G1 Ib,4.450,1.388,1.149,1.096,1.097,0.427,0.400,0.664,0.856,1.052,1.120,1.255,1.355
337.38259,47.70689,8572,M0 Iab + B,4.805,2.214,2.119,2.288,2.200,0.853,0.823,1.355,1.952,2.423,2.647,3.012,3.296
337.66173,-10.67795,8573,A0 IV,4.882,-0.082,-0.050,-0.061,-0.027,0.001,-0.001,-0.005,-0.009,-0.037,-0.041,-0.064,-0.061
337.87638,-32.34607,8576,A0 IV,4.286,0.036,0.032,0.041,0.008,0.008,0.014,-0.011,,,,,
337.62192,43.12338,8579,B2 IV,4.480,-1.151,-1.065,-0.716,-0.158,0.003,-0.019,-0.030,-0.036,-0.063,-0.095,-0.174,-0.179
338.25026,-61.98212,8582,M4 III,5.148,3.843,3.089,3.026,2.263,0.868,0.662,1.288,2.342,3.012,3.285,3.728,4.126
337.82292,50.28249,8585,A2 V,3.750,-0.028,-0.034,0.007,0.019,-0.003,-0.003,0.015,-0.014,-0.011,-0.023,-0.015,0.005
338.83909,-0.11750,8597,B8 V,4.026,-0.448,-0.397,-0.320,-0.123,-0.037,-0.019,-0.041,-0.040,-0.052,-0.080,-0.123,-0.127
339.34341,51.54512,8613,A7 IV,4.667,0.336,0.272,0.236,0.272,0.129,0.112,0.198,0.287,0.368,0.390,0.415,0.406
339.81533,39.05027,8622,O9 V,4.846,-1.662,-1.540,-1.000,-0.293,-0.047,-0.066,-0.102,-0.173,-0.209,-0.271,-0.422,-0.458
340.16392,-27.04362,8628,B7 V,4.179,-0.556,-0.507,-0.487,-0.145,0.003,-0.031,-0.063,,,,,
340.12858,44.27631,8632,K3 III,4.815,2.541,2.206,2.279,1.835,0.579,0.644,1.007,1.367,1.640,1.786,2.018,2.215
340.36555,10.83129,8634,B8 V,3.410,-0.460,-0.398,-0.356,-0.155,-0.041,-0.017,-0.029,-0.061,-0.065,-0.070,-0.112,-0.123
340.66688,-46.88458,8636,M3 II,2.413,3.608,2.875,2.783,2.154,0.935,0.595,1.254,2.359,3.061,3.374,3.889,4.248
340.43921,29.30764,8641,A1 V,4.806,0.007,-0.005,-0.048,-0.020,0.002,0.009,-0.012,-0.008,-0.004,-0.025,0.001,-0.005
340.87490,-41.41435,8644,K0 III,5.103,1.660,1.341,1.562,1.294,0.494,0.514,0.772,1.017,1.257,1.355,1.474,1.715
340.89680,-18.83038,8649,K4 III,5.022,2.774,2.415,2.492,1.961,0.597,0.688,1.064,1.444,1.735,1.914,2.127,2.356
340.75057,30.22124,8650,G2 II-III,3.130,1.225,1.052,1.114,1.068,0.401,0.402,0.650,0.873,1.087,1.178,1.320,1.471
341.40784,-53.50012,8655,K2 III CNIV,5.152,2.227,1.736,1.917,1.520,0.561,0.593,0.906,1.247,1.522,1.649,1.864,2.166
341.67325,12.17288,8665,F7 V,4.307,0.238,0.151,0.317,0.552,0.253,0.266,0.427,0.600,0.751,0.800,0.861,0.967
341.63282,23.56565,8667,G8 II-III,4.192,1.782,1.586,1.630,1.439,0.493,0.491,0.770,1.024,1.246,1.349,1.515,1.704
342.13874,-51.31686,8675,A2 V,3.510,0.320,0.205,0.122,0.072,0.063,0.080,0.059,0.111,0.127,0.206,0.229,0.246
342.39792,-13.59263,8679,M0 III,4.440,3.438,2.964,2.968,2.341,0.667,0.782,1.229,1.769,2.180,2.373,2.666,2.922
342.50080,24.60158,8684,G8 III,3.728,1.387,1.197,1.301,1.210,0.446,0.432,0.689,0.981,1.181,1.268,1.398,1.533
342.42007,66.20041,8694,K1 III,3.737,1.753,1.557,1.640,1.405,0.477,0.506,0.782,1.050,1.290,1.384,1.546,1.724
343.13140,-32.87550,8695,A0 V,4.474,-0.151,-0.152,-0.170,-0.051,0.017,-0.006,-0.041,,,,,
343.15364,-7.57960,8698,M2 III,4.140,3.278,2.846,2.839,2.361,0.774,0.775,1.288,2.039,2.548,2.773,3.125,3.430
341.87112,83.15383,8702,K3 III,5.058,2.400,2.109,2.186,1.753,0.541,0.616,0.980,1.314,1.584,1.734,1.930,2.128
343.66256,-15.82083,8709,A3 V,3.281,0.226,0.189,0.107,0.073,0.026,0.044,0.049,0.094,0.108,0.121,0.136,0.134
343.80697,8.81616,8717,A1 V,4.891,0.005,0.017,-0.028,-0.008,0.003,0.017,0.001,0.034,0.033,0.024,0.043,0.083
343.98708,-32.53962,8720,gG8,4.436,1.495,1.201,1.398,1.190,0.473,0.469,0.732,0.910,1.183,1.253,1.449,1.681
344.41269,-29.62224,8728,A3 V,1.172,0.189,0.121,0.181,0.108,0.054,0.049,0.034,0.075,0.070,0.056,0.116,0.096
344.36658,20.76883,8729,G5 V,5.612,0.601,0.510,0.699,0.796,0.309,0.332,0.545,0.722,0.846,0.923,0.987,1.126
345.22005,-52.75413,8747,G5 III,4.336,1.550,1.228,1.427,1.237,0.473,0.470,0.732,1.025,1.254,1.353,1.528,1.793
343.60403,84.34618,8748,K4 III,5.042,3.018,2.641,2.699,2.093,0.595,0.719,1.115,1.475,1.811,1.965,2.178,2.414
345.02126,56.94537,8752,G0 Ia,5.399,2.728,2.346,2.179,2.003,0.808,0.808,1.225,1.689,2.046,2.262,2.605,2.828
345.48027,42.32598,8762,B6 p,3.637,-0.881,-0.806,-0.641,-0.179,-0.022,-0.008,-0.026,-0.014,-0.028,-0.024,-0.085,-0.093
345.96922,3.82005,8773,B5 pe,4.505,-0.827,-0.769,-0.511,-0.162,-0.026,-0.025,-0.055,-0.013,-0.006,-0.009,-0.104,-0.116
345.94357,28.08279,8775,M2 II-III,2.849,3.905,3.244,3.113,2.472,0.846,0.699,1.296,2.162,2.766,2.969,3.363,3.677
346.04576,50.05209,8780,K0 III,4.894,1.725,1.536,1.615,1.398,0.484,0.501,0.808,1.098,1.324,1.440,1.611,1.791
346.19022,15.20527,8781,B9.5 III,2.502,-0.017,-0.021,-0.125,-0.054,0.001,0.000,-0.018,0.007,-0.012,-0.018,-0.018,-0.007
346.71971,-43.52036,8787,F6 IV,4.390,0.464,0.400,0.429,0.513,0.203,0.241,0.346,,,,,
346.67019,-23.74312,8789,gG9,4.676,1.235,1.090,1.223,1.168,0.446,0.427,0.697,,,,,
346.75108,9.40949,8795,M2 III,4.973,3.464,2.986,2.968,2.340,0.665,0.792,1.276,1.877,2.314,2.503,2.807,3.062
346.77808,25.46826,8796,K0 Ibp,5.089,2.209,1.942,2.016,1.823,0.627,0.632,1.014,1.353,1.630,1.769,1.999,2.208
346.65341,59.41976,8797,B0.5 IV,4.821,-1.283,-1.190,-0.767,-0.116,0.067,0.008,0.023,0.046,0.030,-0.003,-0.094,-0.019
346.94894,63.63346,8808,B3 V,6.272,-0.906,-0.821,-0.488,-0.068,0.032,0.013,0.025,-0.003,-0.013,-0.042,-0.085,-0.142
347.36165,-21.17241,8812,K0 III,3.949,2.332,1.960,2.121,1.666,0.572,0.604,0.891,1.158,1.430,1.558,1.783,2.002
347.47874,-22.45762,8817,sgG2 + A2,4.861,0.967,0.863,0.838,0.790,0.336,0.341,0.554,,,,,
346.97439,75.38750,8819,G2 III,4.598,1.017,0.892,0.995,0.983,0.368,0.402,0.646,0.836,1.042,1.118,1.238,1.384
347.58974,-45.24671,8820,K0 III,4.141,1.745,1.485,1.619,1.362,0.482,0.494,0.754,0.963,1.179,1.272,1.419,1.621
348.13752,49.40621,8830,F0 V,4.597,0.216,0.149,0.212,0.340,0.149,0.153,0.253,0.356,0.450,0.472,0.499,0.557
348.32073,57.16836,8832,K3 V,5.872,1.443,1.311,1.586,1.280,0.318,0.618,0.928,1.175,1.420,1.498,1.665,1.839
348.58066,-6.04900,8834,M2 III,4.636,3.416,2.927,2.909,2.300,0.667,0.765,1.261,1.894,2.379,2.583,2.903,3.160
348.97289,-9.08774,8841,K0 III,4.514,1.897,1.716,1.783,1.484,0.488,0.544,0.840,1.104,1.363,1.473,1.642,1.804
349.35738,-58.23573,8848,F0 III,4.084,0.292,0.151,0.274,0.421,0.231,0.223,0.341,0.432,0.566,0.587,0.641,0.804
349.29141,3.28229,8852,G7 III,3.913,1.352,1.081,1.191,1.165,0.442,0.427,0.710,0.969,1.202,1.306,1.457,1.600
349.47589,-9.18252,8858,B5 V,4.396,-0.955,-0.866,-0.614,-0.200,-0.047,-0.030,-0.074,-0.101,-0.127,-0.165,-0.260,-0.276
349.43603,49.01530,8860,M2 III,5.231,3.741,3.185,3.105,2.465,0.785,0.743,1.310,2.058,2.588,2.799,3.170,3.468
349.70600,-32.53202,8863,G8 III,4.691,2.013,1.709,1.878,1.498,0.524,0.559,0.837,1.088,1.306,1.452,1.649,1.805
349.65622,68.11144,8872,K0 III,4.948,1.104,0.943,1.072,1.056,0.397,0.410,0.676,0.892,1.071,1.154,1.298,1.472
350.15934,23.74034,8880,A5 IV,4.606,0.236,0.186,0.159,0.169,0.075,0.083,0.134,0.186,0.273,0.282,0.325,0.369
350.74261,-20.10058,8892,K0 III,4.219,1.868,1.579,1.710,1.442,0.512,0.531,0.838,1.125,1.388,1.505,1.684,1.873
351.34493,23.40410,8905,F8 IV,4.557,0.516,0.390,0.494,0.677,0.290,0.293,0.499,0.689,0.838,0.876,0.962,1.039
351.51161,-20.64202,8906,K5 III,4.810,3.183,2.777,2.809,2.205,0.638,0.764,1.195,1.607,1.952,2.116,2.367,2.597
351.73315,1.25561,8911,"A0 p Cr(Si,Sr)",4.968,-0.069,-0.112,-0.004,0.039,-0.016,0.070,0.072,0.076,0.074,0.048,0.044,0.014
351.99206,6.37899,8916,K1 III,4.554,1.857,1.664,1.730,1.451,0.483,0.531,0.838,1.057,1.317,1.414,1.585,1.763
352.28874,12.76055,8923,G8 III,4.768,1.463,1.290,1.367,1.240,0.443,0.459,0.732,0.950,1.165,1.257,1.402,1.569
352.50808,58.54892,8926,B3 V,4.871,-1.069,-0.969,-0.639,-0.183,-0.028,-0.021,-0.039,-0.056,-0.076,-0.116,-0.200,-0.195
353.31926,-20.91450,8939,A1,4.705,0.108,0.087,-0.034,0.024,0.054,0.016,0.034,,,,,
354.39101,46.45815,8961,G8 III-IV,3.995,1.433,1.194,1.329,1.233,0.445,0.514,0.832,1.155,1.371,1.476,1.658,1.876
354.53417,43.26807,8965,B8 V,4.288,-0.488,-0.450,-0.405,-0.122,-0.014,-0.037,-0.033,-0.075,-0.082,-0.091,-0.076,-0.133
354.98767,5.62629,8969,F7 V,4.228,0.288,0.197,0.356,0.580,0.256,0.252,0.438,0.564,0.709,0.750,0.790,0.909
354.83688,77.63227,8974,K1 IV,3.480,1.700,1.533,1.650,1.360,0.431,0.505,0.812,1.036,1.287,1.395,1.533,1.726
355.10212,44.33393,8976,B8 V,4.136,-0.407,-0.368,-0.256,-0.119,-0.039,-0.012,-0.037,-0.070,-0.068,-0.090,-0.116,-0.065
355.44086,-17.81653,8982,G0 Ib,4.981,1.179,0.943,0.952,1.006,0.379,0.388,0.626,0.845,1.044,1.103,1.211,1.368
355.51169,1.78004,8984,A7 V,4.547,0.222,0.180,0.205,0.224,0.083,0.106,0.165,0.221,0.263,0.269,0.277,0.342
355.68060,-14.54490,8988,B9.5 V,4.456,-0.256,-0.214,-0.115,-0.047,0.003,-0.019,-0.038,-0.063,-0.084,-0.084,-0.097,-0.085
355.99786,29.36145,8997,K0 III,5.134,1.374,1.194,1.292,1.201,0.433,0.447,0.718,0.963,1.187,1.281,1.429,1.607
357.23144,-28.13027,9016,A0 V,4.570,-0.038,-0.022,-0.024,0.007,0.037,-0.003,-0.031,,,,,
358.59597,57.49938,9045,G0 Iap,4.811,2.311,1.814,1.537,1.407,0.641,0.572,0.865,1.177,1.435,1.638,1.850,2.028
359.43969,25.14140,9064,M3 III,5.024,3.197,2.775,2.712,2.262,0.785,0.700,1.272,2.133,2.721,2.960,3.358,3.668
359.75224,55.75493,9071,B1 V,4.894,-1.248,-1.159,-0.731,-0.148,0.014,0.002,-0.013,-0.053,-0.061,-0.085,-0.196,-0.192
359.82788,6.86332,9072,F4 IV,4.134,0.318,0.217,0.277,0.441,0.200,0.233,0.377,0.515,0.624,0.654,0.695,0.784
359.97907,-65.57713,9076,B9 IV,4.481,-0.342,-0.340,-0.358,-0.116,-0.005,0.003,-0.018,,,,,
0.39876,-77.06572,9084,K2 III,5.141,2.552,2.121,2.292,1.719,0.550,0.683,0.998,1.316,1.592,1.730,1.910,2.183
0.49008,-6.01407,9089,M3 III,4.805,3.697,3.067,2.927,2.330,0.843,0.650,1.259,2.220,2.837,3.093,3.522,3.867
0.58300,-29.72041,9091,B5 V,5.005,-0.895,-0.830,-0.566,-0.175,-0.009,-0.049,-0.081,,,,,
0.93495,-17.33599,9098,B9 IV,4.523,-0.133,-0.117,-0.195,-0.059,0.016,-0.018,-0.009,-0.038,-0.054,-0.029,-0.049,-0.014
